Date,Date_YMD,Daily Confirmed,Total Confirmed,Daily Recovered,Total Recovered,Daily Deceased,Total Deceased
30 January 2020,2020-01-30,1,1,0,0,0,0
31 January 2020,2020-01-31,0,1,0,0,0,0
1 February 2020,2020-02-01,0,1,0,0,0,0
2 February 2020,2020-02-02,1,2,0,0,0,0
3 February 2020,2020-02-03,1,3,0,0,0,0
4 February 2020,2020-02-04,0,3,0,0,0,0
5 February 2020,2020-02-05,0,3,0,0,0,0
6 February 2020,2020-02-06,0,3,0,0,0,0
7 February 2020,2020-02-07,0,3,0,0,0,0
8 February 2020,2020-02-08,0,3,0,0,0,0
9 February 2020,2020-02-09,0,3,0,0,0,0
10 February 2020,2020-02-10,0,3,0,0,0,0
11 February 2020,2020-02-11,0,3,0,0,0,0
12 February 2020,2020-02-12,0,3,0,0,0,0
13 February 2020,2020-02-13,0,3,1,1,0,0
14 February 2020,2020-02-14,0,3,0,1,0,0
15 February 2020,2020-02-15,0,3,0,1,0,0
16 February 2020,2020-02-16,0,3,1,2,0,0
17 February 2020,2020-02-17,0,3,0,2,0,0
18 February 2020,2020-02-18,0,3,0,2,0,0
19 February 2020,2020-02-19,0,3,0,2,0,0
20 February 2020,2020-02-20,0,3,1,3,0,0
21 February 2020,2020-02-21,0,3,0,3,0,0
22 February 2020,2020-02-22,0,3,0,3,0,0
23 February 2020,2020-02-23,0,3,0,3,0,0
24 February 2020,2020-02-24,0,3,0,3,0,0
25 February 2020,2020-02-25,0,3,0,3,0,0
26 February 2020,2020-02-26,0,3,0,3,0,0
27 February 2020,2020-02-27,0,3,0,3,0,0
28 February 2020,2020-02-28,0,3,0,3,0,0
29 February 2020,2020-02-29,0,3,0,3,0,0
1 March 2020,2020-03-01,0,3,0,3,0,0
2 March 2020,2020-03-02,2,5,0,3,0,0
3 March 2020,2020-03-03,1,6,0,3,0,0
4 March 2020,2020-03-04,22,28,0,3,0,0
5 March 2020,2020-03-05,2,30,0,3,0,0
6 March 2020,2020-03-06,1,31,0,3,0,0
7 March 2020,2020-03-07,3,34,0,3,0,0
8 March 2020,2020-03-08,5,39,0,3,0,0
9 March 2020,2020-03-09,9,48,0,3,0,0
10 March 2020,2020-03-10,15,63,1,4,0,0
11 March 2020,2020-03-11,8,71,0,4,0,0
12 March 2020,2020-03-12,10,81,0,4,1,1
13 March 2020,2020-03-13,10,91,6,10,0,1
14 March 2020,2020-03-14,11,102,0,10,1,2
15 March 2020,2020-03-15,10,112,3,13,0,2
16 March 2020,2020-03-16,14,126,1,14,0,2
17 March 2020,2020-03-17,20,146,1,15,1,3
18 March 2020,2020-03-18,25,171,0,15,0,3
19 March 2020,2020-03-19,27,198,5,20,1,4
20 March 2020,2020-03-20,58,256,3,23,0,4
21 March 2020,2020-03-21,78,334,0,23,0,4
22 March 2020,2020-03-22,69,403,0,23,3,7
23 March 2020,2020-03-23,94,497,2,25,2,9
24 March 2020,2020-03-24,74,571,15,40,1,10
25 March 2020,2020-03-25,86,657,3,43,1,11
26 March 2020,2020-03-26,73,730,7,50,5,16
27 March 2020,2020-03-27,153,883,25,75,3,19
28 March 2020,2020-03-28,136,1019,10,85,5,24
29 March 2020,2020-03-29,120,1139,17,102,3,27
30 March 2020,2020-03-30,187,1326,35,137,14,41
31 March 2020,2020-03-31,309,1635,13,150,6,47
1 April 2020,2020-04-01,424,2059,19,169,6,53
2 April 2020,2020-04-02,486,2545,22,191,16,69
3 April 2020,2020-04-03,560,3105,39,230,14,83
4 April 2020,2020-04-04,579,3684,56,286,13,96
5 April 2020,2020-04-05,609,4293,43,329,22,118
6 April 2020,2020-04-06,484,4777,65,394,16,134
7 April 2020,2020-04-07,573,5350,75,469,27,161
8 April 2020,2020-04-08,565,5915,96,565,20,181
9 April 2020,2020-04-09,813,6728,70,635,46,227
10 April 2020,2020-04-10,871,7599,151,786,22,249
11 April 2020,2020-04-11,854,8453,186,972,41,290
12 April 2020,2020-04-12,758,9211,114,1086,42,332
13 April 2020,2020-04-13,1243,10454,112,1198,27,359
14 April 2020,2020-04-14,1031,11485,167,1365,37,396
15 April 2020,2020-04-15,886,12371,144,1509,27,423
16 April 2020,2020-04-16,1061,13432,258,1767,26,449
17 April 2020,2020-04-17,922,14354,273,2040,38,487
18 April 2020,2020-04-18,1371,15725,426,2466,35,522
19 April 2020,2020-04-19,1580,17305,388,2854,38,560
20 April 2020,2020-04-20,1239,18544,419,3273,33,593
21 April 2020,2020-04-21,1537,20081,703,3976,53,646
22 April 2020,2020-04-22,1292,21373,394,4370,36,682
23 April 2020,2020-04-23,1667,23040,642,5012,40,722
24 April 2020,2020-04-24,1408,24448,484,5496,59,781
25 April 2020,2020-04-25,1835,26283,442,5938,44,825
26 April 2020,2020-04-26,1607,27890,585,6523,56,881
27 April 2020,2020-04-27,1568,29458,580,7103,58,939
28 April 2020,2020-04-28,1902,31360,636,7739,69,1008
29 April 2020,2020-04-29,1705,33065,690,8429,71,1079
30 April 2020,2020-04-30,1801,34866,630,9059,75,1154
1 May 2020,2020-05-01,2396,37262,962,10021,77,1231
2 May 2020,2020-05-02,2564,39826,831,10852,92,1323
3 May 2020,2020-05-03,2952,42778,911,11763,140,1463
4 May 2020,2020-05-04,3656,46434,1082,12845,103,1566
5 May 2020,2020-05-05,2971,49405,1295,14140,128,1694
6 May 2020,2020-05-06,3602,53007,1161,15301,91,1785
7 May 2020,2020-05-07,3344,56351,1475,16776,104,1889
8 May 2020,2020-05-08,3339,59690,1111,17887,97,1986
9 May 2020,2020-05-09,3175,62865,1414,19301,115,2101
10 May 2020,2020-05-10,4311,67176,1669,20970,112,2213
11 May 2020,2020-05-11,3592,70768,1579,22549,81,2294
12 May 2020,2020-05-12,3562,74330,1905,24454,120,2414
13 May 2020,2020-05-13,3726,78056,1963,26417,137,2551
14 May 2020,2020-05-14,3991,82047,1594,28011,97,2648
15 May 2020,2020-05-15,3808,85855,2234,30245,104,2752
16 May 2020,2020-05-16,4794,90649,4012,34257,120,2872
17 May 2020,2020-05-17,5049,95698,2538,36795,152,3024
18 May 2020,2020-05-18,4628,100326,2482,39277,131,3155
19 May 2020,2020-05-19,6154,106480,3032,42309,146,3301
20 May 2020,2020-05-20,5720,112200,3113,45422,134,3435
21 May 2020,2020-05-21,6023,118223,3131,48553,148,3583
22 May 2020,2020-05-22,6536,124759,3280,51833,142,3725
23 May 2020,2020-05-23,6667,131424,2576,54409,142,3867
24 May 2020,2020-05-24,7111,138537,3285,57694,156,4023
25 May 2020,2020-05-25,6414,144951,3012,60706,150,4173
26 May 2020,2020-05-26,5907,150858,3585,64291,173,4346
27 May 2020,2020-05-27,7246,158104,3434,67725,188,4534
28 May 2020,2020-05-28,7254,165358,3171,70896,176,4710
29 May 2020,2020-05-29,8138,173496,11735,82631,269,4979
30 May 2020,2020-05-30,8364,181860,4303,86934,205,5184
31 May 2020,2020-05-31,8789,190649,4928,91862,222,5406
1 June 2020,2020-06-01,7723,198372,3882,95744,201,5607
2 June 2020,2020-06-02,8812,207187,4531,100275,222,5829
3 June 2020,2020-06-03,9689,216876,3789,104064,259,6088
4 June 2020,2020-06-04,9847,226723,4390,108454,274,6362
5 June 2020,2020-06-05,9472,236195,4770,113224,286,6648
6 June 2020,2020-06-06,10408,246603,5433,118657,297,6945
7 June 2020,2020-06-07,10882,257485,5191,123848,261,7206
8 June 2020,2020-06-08,8536,266021,5171,129019,271,7477
9 June 2020,2020-06-09,9981,276002,5634,134653,272,7749
10 June 2020,2020-06-10,11156,287158,6275,140928,358,8107
11 June 2020,2020-06-11,11135,298293,6044,146972,394,8501
12 June 2020,2020-06-12,11306,309599,7263,154235,388,8889
13 June 2020,2020-06-13,12039,321638,8092,162327,309,9198
14 June 2020,2020-06-14,11405,333043,7358,169685,324,9522
15 June 2020,2020-06-15,10032,343075,10639,180324,396,9918
16 June 2020,2020-06-16,11086,354161,7226,187550,2004,11922
17 June 2020,2020-06-17,13108,367269,6890,194440,341,12263
18 June 2020,2020-06-18,13829,381098,10741,205181,343,12606
19 June 2020,2020-06-19,14740,395838,9029,214210,364,12970
20 June 2020,2020-06-20,15918,411753,13974,228184,308,13278
21 June 2020,2020-06-21,15151,426904,9075,237259,426,13704
22 June 2020,2020-06-22,13560,440464,10879,248138,312,14016
23 June 2020,2020-06-23,15656,456120,10462,258600,468,14484
24 June 2020,2020-06-24,16868,472988,13089,271689,424,14908
25 June 2020,2020-06-25,18205,491193,13983,285672,401,15309
26 June 2020,2020-06-26,18255,509448,10246,295918,381,15690
27 June 2020,2020-06-27,20142,529590,14229,310147,414,16104
28 June 2020,2020-06-28,19610,549200,11631,321778,384,16488
29 June 2020,2020-06-29,18339,567539,13497,335275,417,16905
30 June 2020,2020-06-30,18256,585795,12565,347840,506,17411
1 July 2020,2020-07-01,19429,605224,12064,359904,438,17849
2 July 2020,2020-07-02,21947,627171,19999,379903,378,18227
3 July 2020,2020-07-03,22718,649889,14417,394320,444,18671
4 July 2020,2020-07-04,24018,673907,14746,409066,611,19282
5 July 2020,2020-07-05,23942,697849,15829,424895,421,19703
6 July 2020,2020-07-06,22500,720349,15315,440210,473,20176
7 July 2020,2020-07-07,23147,743496,16836,457046,479,20655
8 July 2020,2020-07-08,25561,769057,19508,476554,492,21147
9 July 2020,2020-07-09,25790,794847,19408,495962,479,21626
10 July 2020,2020-07-10,27762,822609,20289,516251,520,22146
11 July 2020,2020-07-11,27757,850366,19981,536232,543,22689
12 July 2020,2020-07-12,29106,879472,18198,554430,500,23189
13 July 2020,2020-07-13,28178,907650,17683,572113,541,23730
14 July 2020,2020-07-14,29917,937567,20977,593090,587,24317
15 July 2020,2020-07-15,32607,970174,20646,613736,614,24931
16 July 2020,2020-07-16,35468,1005642,22867,636603,680,25611
17 July 2020,2020-07-17,34820,1040462,17476,654079,676,26287
18 July 2020,2020-07-18,37411,1077873,23583,677662,543,26830
19 July 2020,2020-07-19,40235,1118108,22730,700392,675,27505
20 July 2020,2020-07-20,36806,1154914,24303,724695,596,28101
21 July 2020,2020-07-21,39170,1194084,27589,752284,671,28772
22 July 2020,2020-07-22,45601,1239685,31875,784159,1130,29902
23 July 2020,2020-07-23,48443,1288128,33326,817485,755,30657
24 July 2020,2020-07-24,48888,1337016,32514,849999,763,31420
25 July 2020,2020-07-25,50072,1387088,37125,887124,703,32123
26 July 2020,2020-07-26,48932,1436020,31512,918636,704,32827
27 July 2020,2020-07-27,46484,1482504,34354,952990,642,33469
28 July 2020,2020-07-28,49631,1532135,35683,988673,774,34243
29 July 2020,2020-07-29,52479,1584614,32886,1021559,775,35018
30 July 2020,2020-07-30,54968,1639582,37425,1058984,784,35802
31 July 2020,2020-07-31,57486,1697068,36554,1095538,764,36566
1 August 2020,2020-08-01,55117,1752185,51368,1146906,854,37420
2 August 2020,2020-08-02,52672,1804857,40355,1187261,760,38180
3 August 2020,2020-08-03,50488,1855345,43070,1230331,806,38986
4 August 2020,2020-08-04,51282,1906627,51220,1281551,849,39835
5 August 2020,2020-08-05,56626,1963253,45583,1327134,919,40754
6 August 2020,2020-08-06,62170,2025423,50141,1377275,899,41653
7 August 2020,2020-08-07,61455,2086878,50387,1427662,936,42589
8 August 2020,2020-08-08,65156,2152034,52135,1479797,875,43464
9 August 2020,2020-08-09,62117,2214151,54474,1534271,1013,44477
10 August 2020,2020-08-10,53016,2267167,47362,1581633,887,45364
11 August 2020,2020-08-11,61252,2328419,56461,1638094,835,46199
12 August 2020,2020-08-12,67066,2395485,57759,1695853,950,47149
13 August 2020,2020-08-13,64141,2459626,54776,1750629,1006,48155
14 August 2020,2020-08-14,65610,2525236,56920,1807549,989,49144
15 August 2020,2020-08-15,63986,2589222,53116,1860665,952,50096
16 August 2020,2020-08-16,58096,2647318,57404,1918069,952,51048
17 August 2020,2020-08-17,54298,2701616,58172,1976241,880,51928
18 August 2020,2020-08-18,65024,2766640,60455,2036696,1099,53027
19 August 2020,2020-08-19,69196,2835836,59365,2096061,979,54006
20 August 2020,2020-08-20,68518,2904354,61873,2157934,981,54987
21 August 2020,2020-08-21,69029,2973383,62858,2220792,953,55940
22 August 2020,2020-08-22,70067,3043450,59101,2279893,918,56858
23 August 2020,2020-08-23,61749,3105199,56896,2336789,846,57704
24 August 2020,2020-08-24,59696,3164895,66305,2403094,854,58558
25 August 2020,2020-08-25,66873,3231768,64151,2467245,1066,59624
26 August 2020,2020-08-26,75995,3307763,56191,2523436,1017,60641
27 August 2020,2020-08-27,76827,3384590,59620,2583056,1066,61707
28 August 2020,2020-08-28,76657,3461247,64475,2647531,1019,62726
29 August 2020,2020-08-29,78479,3539726,64982,2712513,943,63669
30 August 2020,2020-08-30,79461,3619187,60422,2772935,960,64629
31 August 2020,2020-08-31,68766,3687953,64435,2837370,816,65445
1 September 2020,2020-09-01,78168,3766121,62145,2899515,892,66337
2 September 2020,2020-09-02,82860,3848981,67874,2967389,913,67250
3 September 2020,2020-09-03,84156,3933137,67491,3034880,979,68229
4 September 2020,2020-09-04,87115,4020252,69625,3104505,950,69179
5 September 2020,2020-09-05,90600,4110852,73161,3177666,916,70095
6 September 2020,2020-09-06,91725,4202577,69630,3247296,1005,71100
7 September 2020,2020-09-07,75015,4277592,74116,3321412,1129,72229
8 September 2020,2020-09-08,89855,4367447,74608,3396020,1107,73336
9 September 2020,2020-09-09,95536,4462983,73062,3469082,1168,74504
10 September 2020,2020-09-10,96762,4559745,70904,3539986,1213,75717
11 September 2020,2020-09-11,97655,4657400,81456,3621442,1202,76919
12 September 2020,2020-09-12,94414,4751814,77862,3699304,1111,78030
13 September 2020,2020-09-13,93220,4845034,77748,3777052,1140,79170
14 September 2020,2020-09-14,81913,4926947,79213,3856265,1054,80224
15 September 2020,2020-09-15,91098,5018045,82849,3939114,1281,81505
16 September 2020,2020-09-16,97860,5115905,82924,4022038,1140,82645
17 September 2020,2020-09-17,96787,5212692,87788,4109826,1175,83820
18 September 2020,2020-09-18,92973,5305665,95515,4205341,1221,85041
19 September 2020,2020-09-19,92574,5398239,94389,4299730,1149,86190
20 September 2020,2020-09-20,87395,5485634,92926,4392656,1135,87325
21 September 2020,2020-09-21,74493,5560127,102070,4494726,1056,88381
22 September 2020,2020-09-22,83362,5643489,89657,4584383,1085,89466
23 September 2020,2020-09-23,86703,5730192,87459,4671842,1123,90589
24 September 2020,2020-09-24,85921,5816113,81142,4752984,1144,91733
25 September 2020,2020-09-25,85717,5901830,93331,4846315,1093,92826
26 September 2020,2020-09-26,88759,5990589,92365,4938680,1124,93950
27 September 2020,2020-09-27,82770,6073359,74691,5013371,1040,94990
28 September 2020,2020-09-28,69669,6143028,85198,5098569,775,95765
29 September 2020,2020-09-29,80500,6223528,86150,5184719,1178,96943
30 September 2020,2020-09-30,86748,6310276,85274,5269993,1179,98122
1 October 2020,2020-10-01,81784,6392060,78731,5348724,1099,99221
2 October 2020,2020-10-02,79883,6471943,76339,5425063,1068,100289
3 October 2020,2020-10-03,75479,6547422,81655,5506718,937,101226
4 October 2020,2020-10-04,74770,6622192,76713,5583431,903,102129
5 October 2020,2020-10-05,60130,6682322,75855,5659286,886,103015
6 October 2020,2020-10-06,71869,6754191,81945,5741231,990,104005
7 October 2020,2020-10-07,78809,6833000,83209,5824440,963,104968
8 October 2020,2020-10-08,70797,6903797,78745,5903185,967,105935
9 October 2020,2020-10-09,73305,6977102,82628,5985813,929,106864
10 October 2020,2020-10-10,74418,7051520,89024,6074837,921,107785
11 October 2020,2020-10-11,67789,7119309,71565,6146402,813,108598
12 October 2020,2020-10-12,54262,7173571,78365,6224767,710,109308
13 October 2020,2020-10-13,63717,7237288,74079,6298846,727,110035
14 October 2020,2020-10-14,67811,7305099,81582,6380428,690,110725
15 October 2020,2020-10-15,63441,7368540,70792,6451220,882,111607
16 October 2020,2020-10-16,62304,7430844,70568,6521788,840,112447
17 October 2020,2020-10-17,61893,7492737,72583,6594371,1032,113479
18 October 2020,2020-10-18,56519,7549256,66418,6660789,582,114061
19 October 2020,2020-10-19,45506,7594762,69800,6730589,589,114650
20 October 2020,2020-10-20,54348,7649110,61828,6792417,714,115364
21 October 2020,2020-10-21,56264,7705374,79561,6871978,701,116065
22 October 2020,2020-10-22,54371,7759745,74569,6946547,686,116751
23 October 2020,2020-10-23,53931,7813676,66994,7013541,655,117406
24 October 2020,2020-10-24,50366,7864042,62270,7075811,578,117984
25 October 2020,2020-10-25,45922,7909964,59304,7135115,483,118467
26 October 2020,2020-10-26,36019,7945983,63734,7198849,485,118952
27 October 2020,2020-10-27,43036,7989019,58429,7257278,511,119463
28 October 2020,2020-10-28,50188,8039207,56594,7313872,515,119978
29 October 2020,2020-10-29,48765,8087972,57867,7371739,562,120540
30 October 2020,2020-10-30,48117,8136089,59005,7430744,550,121090
31 October 2020,2020-10-31,47228,8183317,58682,7489426,469,121559
1 November 2020,2020-11-01,45928,8229245,53312,7542738,491,122050
2 November 2020,2020-11-02,37592,8266837,58524,7601262,498,122548
3 November 2020,2020-11-03,46027,8312864,53328,7654590,510,123058
4 November 2020,2020-11-04,50465,8363329,55873,7710463,707,123765
5 November 2020,2020-11-05,47628,8410957,54133,7764596,672,124437
6 November 2020,2020-11-06,50017,8460974,53946,7818542,577,125014
7 November 2020,2020-11-07,46153,8507127,48582,7867124,557,125571
8 November 2020,2020-11-08,46707,8553834,48465,7915589,491,126062
9 November 2020,2020-11-09,37119,8590953,41449,7957038,450,126512
10 November 2020,2020-11-10,44724,8635677,54639,8011677,511,127023
11 November 2020,2020-11-11,48285,8683962,52704,8064381,550,127573
12 November 2020,2020-11-12,44585,8728547,49354,8113735,544,128117
13 November 2020,2020-11-13,44620,8773167,47620,8161355,517,128634
14 November 2020,2020-11-14,41692,8814859,42317,8203672,450,129084
15 November 2020,2020-11-15,30681,8845540,44111,8247783,434,129518
16 November 2020,2020-11-16,28609,8874149,40392,8288175,451,129969
17 November 2020,2020-11-17,38548,8912697,44753,8332928,472,130441
18 November 2020,2020-11-18,45366,8958063,48675,8381603,586,131027
19 November 2020,2020-11-19,46185,9004248,45246,8426849,582,131609
20 November 2020,2020-11-20,46283,9050531,48968,8475817,564,132173
21 November 2020,2020-11-21,45301,9095832,44055,8519872,499,132672
22 November 2020,2020-11-22,44404,9140236,41405,8561277,510,133182
23 November 2020,2020-11-23,37441,9177677,42195,8603472,481,133663
24 November 2020,2020-11-24,44245,9221922,37765,8641237,489,134152
25 November 2020,2020-11-25,44699,9266621,36582,8677819,518,134670
26 November 2020,2020-11-26,43174,9309795,39723,8717542,491,135161
27 November 2020,2020-11-27,41353,9351148,41177,8758719,486,135647
28 November 2020,2020-11-28,41815,9392963,42275,8800994,495,136142
29 November 2020,2020-11-29,39036,9431999,45152,8846146,444,136586
30 November 2020,2020-11-30,31179,9463178,42282,8888428,482,137068
1 December 2020,2020-12-01,36474,9499652,43208,8931636,501,137569
2 December 2020,2020-12-02,35506,9535158,40908,8972544,526,138095
3 December 2020,2020-12-03,36574,9571732,42991,9015535,541,138636
4 December 2020,2020-12-04,36711,9608443,42359,9057894,511,139147
5 December 2020,2020-12-05,36010,9644453,41885,9099779,482,139629
6 December 2020,2020-12-06,33178,9677631,39078,9138857,390,140019
7 December 2020,2020-12-07,26227,9703858,39293,9178150,386,140405
8 December 2020,2020-12-08,32083,9735941,36583,9214733,402,140807
9 December 2020,2020-12-09,31637,9767578,37693,9252426,413,141220
10 December 2020,2020-12-10,29411,9796989,37707,9290133,411,141631
11 December 2020,2020-12-11,29961,9826950,33492,9323625,442,142073
12 December 2020,2020-12-12,30354,9857304,33087,9356712,391,142464
13 December 2020,2020-12-13,27336,9884640,30640,9387352,338,142802
14 December 2020,2020-12-14,21941,9906581,34421,9421773,354,143156
15 December 2020,2020-12-15,26251,9932832,33853,9455626,384,143540
16 December 2020,2020-12-16,18172,9951004,33360,9488986,356,143896
17 December 2020,2020-12-17,26754,9977758,30891,9519877,342,144238
18 December 2020,2020-12-18,26991,10004749,29879,9549756,342,144580
19 December 2020,2020-12-19,26834,10031583,29758,9579514,342,144922
20 December 2020,2020-12-20,24622,10056205,25734,9605248,332,145254
21 December 2020,2020-12-21,19147,10075352,30250,9635498,302,145556
22 December 2020,2020-12-22,23880,10099232,27032,9662530,329,145885
23 December 2020,2020-12-23,24716,10123948,29946,9692476,315,146200
24 December 2020,2020-12-24,23444,10147392,24555,9717031,337,146537
25 December 2020,2020-12-25,22349,10169741,22184,9739215,251,146788
26 December 2020,2020-12-26,18575,10188316,21466,9760681,280,147068
27 December 2020,2020-12-27,20333,10208649,21097,9781778,281,147349
28 December 2020,2020-12-28,16072,10224721,24822,9806600,250,147599
29 December 2020,2020-12-29,20542,10245263,26589,9833189,285,147884
30 December 2020,2020-12-30,21945,10267208,26407,9859596,299,148183
31 December 2020,2020-12-31,19026,10286234,21969,9881565,244,148427
1 January 2021,2021-01-01,20159,10306393,23838,9905403,237,148664
2 January 2021,2021-01-02,18144,10324537,20903,9926306,216,148880
3 January 2021,2021-01-03,16678,10341215,19658,9945964,215,149095
4 January 2021,2021-01-04,16278,10357493,29209,9975173,200,149295
5 January 2021,2021-01-05,17909,10375402,21161,9996334,265,149560
6 January 2021,2021-01-06,20472,10395874,19689,10016023,222,149782
7 January 2021,2021-01-07,18123,10413997,20503,10036526,233,150015
8 January 2021,2021-01-08,18453,10432450,19242,10055768,229,150244
9 January 2021,2021-01-09,18820,10451270,19460,10075228,213,150457
10 January 2021,2021-01-10,16086,10467356,16737,10091965,150,150607
11 January 2021,2021-01-11,12481,10479837,18578,10110543,166,150773
12 January 2021,2021-01-12,15903,10495740,17762,10128305,200,150973
13 January 2021,2021-01-13,17015,10512755,17797,10146102,201,151174
14 January 2021,2021-01-14,15677,10528432,15943,10162045,189,151363
15 January 2021,2021-01-15,15155,10543587,16809,10178854,176,151539
16 January 2021,2021-01-16,15050,10558637,17202,10196056,181,151720
17 January 2021,2021-01-17,13962,10572599,14513,10210569,145,151865
18 January 2021,2021-01-18,9987,10582586,17127,10227696,137,152002
19 January 2021,2021-01-19,13787,10596373,17229,10244925,162,152164
20 January 2021,2021-01-20,15279,10611652,20071,10264996,152,152316
21 January 2021,2021-01-21,14495,10626147,17734,10282730,161,152477
22 January 2021,2021-01-22,14323,10640470,17166,10299896,153,152630
23 January 2021,2021-01-23,14896,10655366,16033,10315929,156,152786
24 January 2021,2021-01-24,13232,10668598,13148,10329077,131,152917
25 January 2021,2021-01-25,9098,10677696,16092,10345169,116,153033
26 January 2021,2021-01-26,12733,10690429,13250,10358419,138,153171
27 January 2021,2021-01-27,11556,10701985,14261,10372680,123,153294
28 January 2021,2021-01-28,18912,10720897,20315,10392995,162,153456
29 January 2021,2021-01-29,13054,10733951,14886,10407881,137,153593
30 January 2021,2021-01-30,13073,10747024,14077,10421958,128,153721
31 January 2021,2021-01-31,11527,10758551,11882,10433840,116,153837
1 February 2021,2021-02-01,8579,10767130,13443,10447283,94,153931
2 February 2021,2021-02-02,11001,10778131,14250,10461533,113,154044
3 February 2021,2021-02-03,12925,10791056,17813,10479346,107,154151
4 February 2021,2021-02-04,12401,10803457,15788,10495134,120,154271
5 February 2021,2021-02-05,11711,10815168,14512,10509646,95,154366
6 February 2021,2021-02-06,12069,10827237,11761,10521407,75,154441
7 February 2021,2021-02-07,11786,10839023,11756,10533163,86,154527
8 February 2021,2021-02-08,8715,10847738,13600,10546763,78,154605
9 February 2021,2021-02-09,10731,10858469,12928,10559691,94,154699
10 February 2021,2021-02-10,12539,10871008,11796,10571487,110,154809
11 February 2021,2021-02-11,9353,10880361,15722,10587209,85,154894
12 February 2021,2021-02-12,12137,10892498,11358,10598567,104,154998
13 February 2021,2021-02-13,12198,10904696,11107,10609674,89,155087
14 February 2021,2021-02-14,11706,10916402,9500,10619174,91,155178
15 February 2021,2021-02-15,9086,10925488,11793,10630967,82,155260
16 February 2021,2021-02-16,11592,10937080,11836,10642803,99,155359
17 February 2021,2021-02-17,12862,10949942,12028,10654831,100,155459
18 February 2021,2021-02-18,13237,10963179,10914,10665745,100,155559
19 February 2021,2021-02-19,13916,10977095,10214,10675959,100,155659
20 February 2021,2021-02-20,13919,10991014,11413,10687372,89,155748
21 February 2021,2021-02-21,14278,11005292,9715,10697087,83,155831
22 February 2021,2021-02-22,10494,11015786,13233,10710320,76,155907
23 February 2021,2021-02-23,13682,11029468,13969,10724289,103,156010
24 February 2021,2021-02-24,16930,11046398,12100,10736389,141,156151
25 February 2021,2021-02-25,16599,11062997,12222,10748611,119,156270
26 February 2021,2021-02-26,16562,11079559,12790,10761401,114,156384
27 February 2021,2021-02-27,16805,11096364,11709,10773110,111,156495
28 February 2021,2021-02-28,15614,11111978,11291,10784401,108,156603
1 March 2021,2021-03-01,12270,11124248,12472,10796873,92,156695
2 March 2021,2021-03-02,14998,11139246,13113,10809986,98,156793
3 March 2021,2021-03-03,17425,11156671,14071,10824057,87,156880
4 March 2021,2021-03-04,16824,11173495,13788,10837845,113,156993
5 March 2021,2021-03-05,18324,11191819,14186,10852031,109,157102
6 March 2021,2021-03-06,18724,11210543,14379,10866410,100,157202
7 March 2021,2021-03-07,18650,11229193,14303,10880713,97,157299
8 March 2021,2021-03-08,15353,11244546,16606,10897319,76,157375
9 March 2021,2021-03-09,17873,11262419,20643,10917962,133,157508
10 March 2021,2021-03-10,22851,11285270,18154,10936116,125,157633
11 March 2021,2021-03-11,23298,11308568,15092,10951208,119,157752
12 March 2021,2021-03-12,24845,11333413,19972,10971180,140,157892
13 March 2021,2021-03-13,25154,11358567,16508,10987688,159,158051
14 March 2021,2021-03-14,26513,11385080,17590,11005278,120,158171
15 March 2021,2021-03-15,24437,11409517,20186,11025464,130,158301
16 March 2021,2021-03-16,28869,11438386,17746,11043210,187,158488
17 March 2021,2021-03-17,35838,11474224,17793,11061003,171,158659
18 March 2021,2021-03-18,39687,11513911,20356,11081359,156,158815
19 March 2021,2021-03-19,40906,11554817,23623,11104982,188,159003
20 March 2021,2021-03-20,43815,11598632,22971,11127953,196,159199
21 March 2021,2021-03-21,47009,11645641,21205,11149158,213,159412
22 March 2021,2021-03-22,40636,11686277,29779,11178937,197,159609
23 March 2021,2021-03-23,47239,11733516,23913,11202850,277,159886
24 March 2021,2021-03-24,53419,11786935,26575,11229425,249,160135
25 March 2021,2021-03-25,59083,11846018,32917,11262342,257,160392
26 March 2021,2021-03-26,62276,11908294,30341,11292683,292,160684
27 March 2021,2021-03-27,62632,11970926,28728,11321411,311,160995
28 March 2021,2021-03-28,68206,12039132,32269,11353680,295,161290
29 March 2021,2021-03-29,56152,12095284,36989,11390669,266,161556
30 March 2021,2021-03-30,53237,12148521,41242,11431911,355,161911
31 March 2021,2021-03-31,72113,12220634,40423,11472334,458,162369
1 April 2021,2021-04-01,81398,12302032,50384,11522718,468,162837
2 April 2021,2021-04-02,89023,12391055,44179,11566897,713,163550
3 April 2021,2021-04-03,92994,12484049,60059,11626956,514,164064
4 April 2021,2021-04-04,103794,12587843,52840,11679796,477,164541
5 April 2021,2021-04-05,96563,12684406,50100,11729896,446,164987
6 April 2021,2021-04-06,115312,12799718,59714,11789610,630,165617
7 April 2021,2021-04-07,126276,12925994,59137,11848747,684,166301
8 April 2021,2021-04-08,131878,13057872,61829,11910576,802,167103
9 April 2021,2021-04-09,144945,13202817,77263,11987839,773,167876
10 April 2021,2021-04-10,152565,13355382,90328,12078167,838,168714
11 April 2021,2021-04-11,169914,13525296,75380,12153547,904,169618
12 April 2021,2021-04-12,160838,13686134,96746,12250293,880,170498
13 April 2021,2021-04-13,185297,13871431,82271,12332564,1026,171524
14 April 2021,2021-04-14,199584,14071015,93425,12425989,1038,172562
15 April 2021,2021-04-15,216828,14287843,117897,12543886,1184,173746
16 April 2021,2021-04-16,234002,14521845,122886,12666772,1338,175084
17 April 2021,2021-04-17,260895,14782740,138209,12804981,1498,176582
18 April 2021,2021-04-18,275063,15057803,143839,12948820,1620,178202
19 April 2021,2021-04-19,257003,15314806,154357,13103177,1757,179959
20 April 2021,2021-04-20,294365,15609171,166656,13269833,2021,181980
21 April 2021,2021-04-21,315752,15924923,179434,13449267,2101,184081
22 April 2021,2021-04-22,332531,16257454,192317,13641584,2257,186338
23 April 2021,2021-04-23,345296,16602750,220545,13862129,2620,188958
24 April 2021,2021-04-24,348996,16951746,215809,14077938,2761,191719
25 April 2021,2021-04-25,354658,17306404,218626,14296564,2808,194527
26 April 2021,2021-04-26,319471,17625875,249009,14545573,2762,197289
27 April 2021,2021-04-27,362913,17988788,262349,14807922,3286,200575
28 April 2021,2021-04-28,379404,18368192,274171,15082093,3646,204221
29 April 2021,2021-04-29,386773,18754965,291727,15373820,3502,207723
30 April 2021,2021-04-30,402014,19156979,299198,15673018,3525,211248
1 May 2021,2021-05-01,392576,19549555,308688,15981706,3685,214933
2 May 2021,2021-05-02,370090,19919645,300004,16281710,3423,218356
3 May 2021,2021-05-03,355769,20275414,318910,16600620,3439,221795
4 May 2021,2021-05-04,382847,20658261,337699,16938319,3786,225581
5 May 2021,2021-05-05,412624,21070885,330718,17269037,3979,229560
6 May 2021,2021-05-06,414280,21485165,328349,17597386,3923,233483
7 May 2021,2021-05-07,406901,21892066,327675,17925061,4233,237716
8 May 2021,2021-05-08,403808,22295874,386395,18311456,4092,241808
9 May 2021,2021-05-09,366455,22662329,353777,18665233,3749,245557
10 May 2021,2021-05-10,329491,22991820,355930,19021163,3879,249436
11 May 2021,2021-05-11,348555,23340375,355398,19376561,4198,253634
12 May 2021,2021-05-12,362632,23703007,352005,19728566,4128,257762
13 May 2021,2021-05-13,343005,24046012,344676,20073242,4000,261762
14 May 2021,2021-05-14,326256,24372268,353200,20426442,3889,265651
15 May 2021,2021-05-15,310757,24683025,362547,20788989,4077,269728
16 May 2021,2021-05-16,281837,24964862,378526,21167515,4098,273826
17 May 2021,2021-05-17,263021,25227883,422391,21589906,4334,278160
18 May 2021,2021-05-18,267246,25495129,389758,21979664,4529,282689
19 May 2021,2021-05-19,276187,25771316,369005,22348669,3877,286566
20 May 2021,2021-05-20,259242,26030558,357173,22705842,4209,290775
21 May 2021,2021-05-21,257299,26287857,357625,23063467,4194,294969
22 May 2021,2021-05-22,240897,26528754,355138,23418605,3739,298708
23 May 2021,2021-05-23,222834,26751588,302253,23720858,4454,303162
24 May 2021,2021-05-24,195857,26947445,326737,24047595,3509,306671
25 May 2021,2021-05-25,208992,27156437,295264,24342859,4160,310831
26 May 2021,2021-05-26,211510,27367947,283054,24625913,3843,314674
27 May 2021,2021-05-27,186075,27554022,271002,24896915,3659,318333
28 May 2021,2021-05-28,174083,27728105,285332,25182247,3611,321944
29 May 2021,2021-05-29,165282,27893387,264483,25446730,3463,325407
30 May 2021,2021-05-30,153396,28046783,237664,25684394,3130,328537
31 May 2021,2021-05-31,126883,28173666,255125,25939519,2783,331320
1 June 2021,2021-06-01,133152,28306818,231397,26170916,3205,334525
2 June 2021,2021-06-02,134044,28440862,211890,26382806,2898,337423
3 June 2021,2021-06-03,132424,28573286,206722,26589528,2717,340140
4 June 2021,2021-06-04,120454,28693740,197763,26787291,3372,343512
5 June 2021,2021-06-05,114488,28808228,189374,26976665,2682,346194
6 June 2021,2021-06-06,101209,28909437,174156,27150821,2444,348638
7 June 2021,2021-06-07,85804,28995241,182866,27333687,2107,350745
8 June 2021,2021-06-08,92787,29088028,162356,27496043,2222,352967
9 June 2021,2021-06-09,93883,29181911,149022,27645065,6139,359106
10 June 2021,2021-06-10,91849,29273760,135329,27780394,3414,362520
11 June 2021,2021-06-11,84574,29358334,122685,27903079,3996,366516
12 June 2021,2021-06-12,80525,29438859,132664,28035743,3300,369816
13 June 2021,2021-06-13,71001,29509860,119574,28155317,3922,373738
14 June 2021,2021-06-14,60008,29569868,117376,28272693,2733,376471
15 June 2021,2021-06-15,62215,29632083,107776,28380469,2540,379011
16 June 2021,2021-06-16,67289,29699372,103900,28484369,2329,381340
17 June 2021,2021-06-17,62436,29761808,88500,28572869,1591,382931
18 June 2021,2021-06-18,60765,29822573,97854,28670723,1645,384576
19 June 2021,2021-06-19,58615,29881188,87608,28758331,1574,386150
20 June 2021,2021-06-20,52978,29934166,78189,28836520,1424,387574
21 June 2021,2021-06-21,42683,29976849,82031,28918551,1167,388741
22 June 2021,2021-06-22,50817,30027666,68697,28987248,1359,390100
23 June 2021,2021-06-23,54309,30081975,69187,29056435,1323,391423
24 June 2021,2021-06-24,51659,30133634,64369,29120804,1328,392751
25 June 2021,2021-06-25,48768,30182402,64819,29185623,1183,393934
26 June 2021,2021-06-26,49844,30232246,57866,29243489,1258,395192
27 June 2021,2021-06-27,46523,30278769,58563,29302052,978,396170
28 June 2021,2021-06-28,37070,30315839,57016,29359068,907,397077
29 June 2021,2021-06-29,46104,30361943,60789,29419857,819,397896
30 June 2021,2021-06-30,48606,30410549,61813,29481670,1002,398898
1 July 2021,2021-07-01,46781,30457330,59054,29540724,857,399755
2 July 2021,2021-07-02,44187,30501517,57497,29598221,737,400492
3 July 2021,2021-07-03,43027,30544544,52270,29650491,950,401442
4 July 2021,2021-07-04,40150,30584694,42342,29692833,725,402167
5 July 2021,2021-07-05,34026,30618720,51933,29744766,552,402719
6 July 2021,2021-07-06,43964,30662684,47054,29791820,930,403649
7 July 2021,2021-07-07,45701,30708385,44529,29836349,819,404468
8 July 2021,2021-07-08,43504,30751889,44204,29880553,908,405376
9 July 2021,2021-07-09,42660,30794549,45291,29925844,1207,406583
10 July 2021,2021-07-10,41494,30836043,41511,29967355,898,407481
11 July 2021,2021-07-11,37654,30873697,39688,30007043,720,408201
12 July 2021,2021-07-12,30818,30904515,47544,30054587,2024,410225
13 July 2021,2021-07-13,40314,30944829,42436,30097023,625,410850
14 July 2021,2021-07-14,41759,30986588,39293,30136316,578,411428
15 July 2021,2021-07-15,39071,31025659,39827,30176143,544,411972
16 July 2021,2021-07-16,38117,31063776,43878,30220021,560,412532
17 July 2021,2021-07-17,41283,31105059,42051,30262072,517,413049
18 July 2021,2021-07-18,38330,31143389,38545,30300617,501,413550
19 July 2021,2021-07-19,29420,31172809,45356,30345973,372,413922
20 July 2021,2021-07-20,42128,31214937,36876,30382849,3998,417920
21 July 2021,2021-07-21,41687,31256624,38891,30421740,510,418430
22 July 2021,2021-07-22,34863,31291487,38403,30460143,481,418911
23 July 2021,2021-07-23,39501,31330988,35144,30495287,542,419453
24 July 2021,2021-07-24,40286,31371274,40038,30535325,541,419994
25 July 2021,2021-07-25,38179,31409453,35945,30571270,411,420405
26 July 2021,2021-07-26,30820,31440273,42503,30613773,418,420823
27 July 2021,2021-07-27,42971,31483244,41653,30655426,641,421464
28 July 2021,2021-07-28,43165,31526409,38537,30693963,640,422104
29 July 2021,2021-07-29,44671,31571080,42115,30736078,549,422653
30 July 2021,2021-07-30,41499,31612579,37320,30773398,598,423251
31 July 2021,2021-07-31,41943,31654522,39485,30812883,542,423793
1 August 2021,2021-08-01,40629,31695151,36628,30849511,424,424217
2 August 2021,2021-08-02,30085,31725236,39120,30888631,420,424637
3 August 2021,2021-08-03,42530,31767766,36552,30925183,561,425198
4 August 2021,2021-08-04,42797,31810563,41873,30967056,532,425730
5 August 2021,2021-08-05,45005,31855568,40906,31007962,465,426195
6 August 2021,2021-08-06,38705,31894273,40026,31047988,616,426811
7 August 2021,2021-08-07,39068,31933341,43935,31091923,491,427302
8 August 2021,2021-08-08,36036,31969377,39832,31131755,447,427749
9 August 2021,2021-08-09,27428,31996805,41461,31173216,376,428125
10 August 2021,2021-08-10,38376,32035181,40097,31213313,496,428621
11 August 2021,2021-08-11,41586,32076767,39127,31252440,491,429112