,,Andaman and Nicobar Islands,,Andhra Pradesh,,Arunachal Pradesh,,Assam,,Bihar,,Chandigarh,,Chhattisgarh,,Dadra & Nagar Haveli,,Delhi,,Goa,,Gujarat,,Haryana,,Himachal Pradesh,,Jammu and Kashmir,,Jharkhand,,Karnataka,,Kerala,,Ladakh,,Lakshwadeep,,Madhya Pradesh,,Maharashtra,,Manipur,,Meghalaya,,Mizoram,,Nagaland,,Odisha,,Puducherry,,Punjab,,Rajasthan,,Sikkim,,Tamil Nadu,,Telanagana,,Tripura,,Uttar Pradesh,,Uttarakhand,,West Bengal,,Mobile Vans,,Duplicates,,Total,,Changes,
,,Govt,Private,Govt,Private,Govt,Private,Govt,Private,Govt,Private,Govt,Private,Govt,Private,Govt,Private,Govt,Private,Govt,Private,Govt,Private,Govt,Private,Govt,Private,Govt,Private,Govt,Private,Govt,Private,Govt,Private,Govt,Private,Govt,Private,Govt,Private,Govt,Private,Govt,Private,Govt,Private,Govt,Private,Govt,Private,Govt,Private,Govt,Private,Govt,Private,Govt,Private,Govt,Private,Govt,Private,Govt,Private,Govt,Private,Govt,Private,Govt,Private,Govt,Private,Govt,Private,Govt,Private,Govt,Private,Govt,Private
04/05/2020,RT-PCR,1,0,10,0,1,0,7,0,6,0,3,0,4,0,1,0,11,13,1,0,13,8,8,7,5,0,4,0,4,1,16,7,14,5,0,0,0,0,10,3,31,20,2,0,1,0,1,0,0,0,7,1,2,0,3,1,17,3,0,0,36,13,9,11,1,0,20,3,4,1,10,4,0,0,,,263,101,-,-
,TrueNat,1,0,38,0,0,0,0,0,0,0,0,0,0,0,0,0,0,0,2,0,0,0,0,0,0,0,0,0,0,0,0,0,0,0,0,0,0,0,0,0,0,0,0,0,0,0,0,0,2,0,0,0,0,0,0,0,0,0,1,0,0,0,0,0,0,0,0,0,0,0,0,0,0,0,,,44,0,-,-
,CBNAAT,1,0,0,0,0,0,0,0,1,0,0,0,0,0,0,0,0,0,0,0,0,1,2,0,0,0,0,0,0,0,4,2,0,1,0,0,0,0,0,0,3,4,0,0,0,0,0,0,0,0,0,0,0,0,1,1,0,0,0,0,0,2,0,0,0,0,0,0,0,0,1,2,0,0,,,13,13,-,-
11/05/2020,RT-PCR,1,0,10,0,1,0,7,0,6,0,3,0,4,0,1,0,12,14,1,0,16,11,8,7,5,0,5,0,4,1,17,11,14,5,0,0,0,0,12,4,33,22,2,0,3,0,1,0,0,0,7,1,2,0,3,2,17,3,0,0,38,15,8,11,1,0,22,4,4,1,11,7,0,0,-1,,278,119,15,18
,TrueNat,1,0,41,0,1,0,0,0,0,0,0,0,1,0,0,0,0,0,4,0,0,0,0,0,0,0,0,0,0,0,0,0,0,0,0,0,0,0,0,1,0,1,0,0,0,0,0,0,2,0,0,0,0,0,0,0,0,0,1,0,0,0,0,0,0,0,0,0,0,0,0,0,0,0,4,,55,2,11,2
,CBNAAT,1,0,0,0,0,0,0,0,1,0,0,0,0,0,0,0,1,0,0,0,0,1,3,0,0,0,1,0,0,0,4,3,1,1,0,0,0,0,0,0,1,4,0,0,0,0,0,0,0,0,0,0,0,0,1,1,0,0,0,0,0,2,1,0,0,0,0,0,0,0,2,3,0,0,-2,,15,15,2,2
18/05/2020,RT-PCR,1,0,10,0,1,0,7,1,6,0,3,0,4,0,1,0,12,15,1,0,17,11,9,7,5,0,6,0,4,1,18,14,14,5,0,0,0,0,12,5,34,25,2,0,3,0,1,0,1,0,10,2,2,0,3,2,18,3,0,0,40,20,8,11,1,0,22,4,4,1,11,7,0,0,,,291,134,13,15
,TrueNat,1,0,42,0,1,0,0,0,6,0,0,0,1,0,0,0,0,0,4,0,0,0,0,0,0,0,0,0,0,0,3,0,0,0,0,0,0,0,0,1,0,2,0,0,0,0,0,0,2,0,3,0,0,0,0,0,0,0,1,0,0,0,0,1,0,0,0,0,0,0,6,0,0,0,,,70,4,15,2
,CBNAAT,1,0,0,0,0,0,0,0,1,1,0,0,0,0,0,0,1,0,0,0,2,2,3,0,0,0,1,0,0,0,6,4,1,1,0,0,0,0,0,0,3,3,0,0,0,0,0,0,0,0,0,1,0,0,1,1,0,0,0,0,0,3,1,0,0,0,0,0,0,0,2,4,0,0,1,,24,20,9,5
25/05/2020,RT-PCR,1,0,10,0,1,0,8,1,6,1,3,0,4,0,1,0,13,16,1,0,19,12,9,7,5,0,6,0,4,1,21,19,14,5,0,0,0,0,13,6,36,26,2,0,1,0,1,0,1,0,10,3,2,0,3,2,19,3,0,0,41,24,8,12,1,0,22,4,4,1,12,7,0,0,2,-1,304,149,13,15
,TrueNat,1,0,42,0,1,0,0,0,8,0,0,0,1,0,0,0,0,0,4,0,0,0,0,0,0,0,0,0,15,0,9,0,0,0,0,0,0,0,0,1,1,2,0,0,2,0,0,0,2,0,3,0,0,1,0,0,0,0,1,0,0,0,0,1,0,0,0,0,0,0,12,0,0,0,-2,0,100,5,30,1
,CBNAAT,1,0,0,0,0,0,0,0,1,1,0,0,0,0,0,0,2,1,0,0,2,4,3,0,0,0,1,0,0,0,5,4,1,3,0,0,0,0,0,0,4,3,0,0,0,0,0,0,0,0,0,1,1,0,1,2,0,0,0,0,0,3,1,0,0,0,0,1,0,0,2,4,0,0,1,1,26,28,2,8
01/06/2020,RT-PCR,1,0,10,3,1,0,8,1,6,1,3,0,4,0,1,0,13,20,1,0,20,12,9,7,5,0,6,0,4,1,27,22,14,5,1,0,0,0,14,6,36,31,2,0,1,0,1,0,1,0,10,3,2,0,3,2,19,4,1,0,44,25,8,15,1,0,22,4,5,1,13,8,0,0,2,-2,319,169,15,20
,TrueNat,1,0,42,0,1,0,0,0,13,0,0,0,1,0,0,0,0,1,4,0,0,1,0,0,0,0,0,0,15,0,9,0,4,0,0,0,0,0,15,1,3,2,0,0,2,0,0,0,2,0,5,0,0,1,0,0,0,0,1,0,0,1,0,1,0,0,0,0,0,0,15,0,0,0,-3,1,130,9,30,4
,CBNAAT,1,0,0,0,0,0,0,0,1,1,0,0,0,0,0,0,2,1,0,0,2,4,3,0,0,0,1,0,1,0,3,3,1,3,0,0,0,0,0,0,5,3,0,0,0,0,0,0,0,0,0,1,1,0,1,2,0,0,0,0,0,3,1,0,0,0,0,2,0,0,3,3,0,0,1,1,27,27,1,-1
08/06/2020,RT-PCR,1,0,10,5,1,0,10,1,6,1,3,0,4,0,1,0,14,21,1,0,21,13,9,7,6,0,6,0,4,1,28,23,14,6,1,0,0,0,14,6,42,33,2,0,1,0,1,0,1,0,11,3,2,0,3,2,21,3,1,0,44,28,9,15,1,0,23,4,5,1,15,8,0,0,1,-1,337,180,18,11
,TrueNat,1,0,42,0,1,0,0,0,19,0,0,0,1,0,0,0,1,1,4,0,0,1,0,1,0,0,0,0,24,0,10,0,5,0,0,0,0,0,15,1,5,2,0,0,2,0,1,0,5,0,4,0,0,1,5,0,0,0,1,0,0,1,0,1,0,0,34,1,0,0,15,1,0,0,-3,1,192,12,62,3
,CBNAAT,1,0,0,0,0,0,0,0,1,1,0,0,0,0,0,0,2,1,0,0,2,4,3,0,0,0,1,0,1,0,3,6,1,5,0,0,0,0,0,0,3,6,0,0,0,0,0,0,0,0,0,1,1,0,1,2,0,0,0,0,0,4,1,0,0,0,0,3,0,0,2,5,0,0,1,1,24,39,-3,12
15/06/2020,RT-PCR,1,0,11,5,1,0,11,1,6,2,3,0,4,0,1,0,14,22,1,0,22,13,12,7,7,0,6,0,4,1,28,24,15,6,1,0,0,0,15,6,43,33,2,0,1,0,1,0,1,0,11,3,2,0,3,2,21,4,1,0,44,29,9,17,1,0,23,4,6,1,15,9,0,0,,-2,347,187,10,7
,TrueNat,1,0,42,0,1,0,0,1,34,0,0,0,1,0,0,0,1,1,4,0,0,1,0,1,3,0,0,0,24,0,10,0,6,0,0,0,1,0,37,2,8,3,0,0,2,0,1,0,9,0,4,0,0,1,5,0,0,0,1,0,0,1,0,1,0,0,76,1,2,0,17,1,0,0,-3,1,287,15,95,3
,CBNAAT,1,0,0,0,0,0,0,0,1,1,0,0,0,0,0,0,3,1,0,0,2,4,1,0,0,0,1,0,1,0,3,7,1,6,0,0,0,0,0,0,4,7,0,0,0,1,0,0,0,0,0,2,1,0,1,2,0,0,0,0,1,4,1,0,0,0,0,5,0,0,2,5,0,0,1,1,25,46,1,7
22/06/2020,RT-PCR,1,0,11,5,1,0,11,1,6,2,3,0,4,0,1,0,15,21,1,0,23,14,12,7,7,0,6,0,4,1,31,25,16,7,1,0,0,0,15,6,44,32,2,0,2,0,1,0,1,0,11,3,2,0,3,2,21,4,1,0,45,34,9,17,1,0,23,4,6,1,16,10,0,0,,,357,196,10,9
,TrueNat,1,0,42,0,2,0,0,1,34,0,0,0,1,1,0,0,2,2,4,0,9,0,1,1,3,0,0,0,24,0,10,0,7,3,0,0,3,0,55,2,12,3,0,0,4,0,1,0,11,0,5,0,0,1,15,0,0,0,1,0,0,2,0,1,0,0,76,2,4,0,17,1,0,0,-3,,341,20,54,5
,CBNAAT,1,0,0,0,0,0,0,0,1,1,0,0,0,0,0,0,3,3,0,0,2,4,1,0,0,0,2,0,1,0,3,7,1,6,0,0,0,0,0,0,5,8,0,0,0,1,0,0,0,0,0,2,1,0,2,2,0,0,0,0,1,5,1,0,0,0,0,5,0,0,2,5,0,0,1,1,28,50,3,4
29/06/2020,RT-PCR,1,0,11,6,1,0,11,1,6,2,3,0,4,0,1,0,15,23,1,0,22,15,12,7,7,0,6,0,4,1,32,28,16,7,1,0,0,0,15,6,44,33,2,0,2,0,1,0,1,0,11,4,2,0,3,2,23,6,1,0,46,34,9,17,1,0,23,4,6,2,17,10,0,0,1,1,362,209,5,13
,TrueNat,1,0,42,0,3,0,0,2,34,0,0,0,1,2,0,0,2,2,4,0,9,0,2,1,4,0,0,0,25,0,10,0,8,4,0,0,3,0,56,2,14,3,2,0,4,0,1,0,11,0,5,0,0,1,15,0,0,0,1,0,0,3,0,1,0,0,92,4,4,0,18,1,0,0,-4,,367,26,26,6
,CBNAAT,1,0,0,0,0,0,1,0,1,1,0,0,0,0,0,0,3,3,0,0,2,5,1,0,0,0,2,0,1,0,2,7,1,6,0,0,0,0,0,0,5,10,0,0,0,1,0,0,0,0,0,2,1,0,2,2,0,0,0,0,1,6,4,1,0,0,0,5,1,0,1,5,0,0,2,-1,32,53,4,3
06/07/2020,RT-PCR,1,0,11,7,1,0,10,1,7,2,3,0,4,0,1,0,15,24,1,0,22,16,12,8,8,0,6,0,4,2,33,30,16,7,1,0,0,0,15,7,46,34,2,0,2,0,1,0,1,0,13,5,2,1,3,3,23,6,1,0,46,35,10,20,1,0,24,4,6,2,18,11,0,0,2,1,372,226,10,17
,TrueNat,1,0,47,0,3,0,2,3,33,0,0,1,1,2,0,0,3,2,4,0,9,0,3,1,3,0,0,1,25,0,9,0,9,5,0,0,3,0,55,2,17,3,4,0,9,0,1,0,12,0,6,1,0,1,15,0,0,1,1,0,3,4,0,1,0,0,92,6,4,0,18,1,0,0,-4,,388,35,21,9
,CBNAAT,1,0,0,0,0,0,1,1,1,1,0,0,0,0,0,0,3,4,0,0,2,5,1,0,0,0,2,0,1,0,2,7,2,7,0,0,0,0,0,0,5,11,0,0,0,1,0,0,0,0,0,1,1,0,2,4,0,0,0,0,1,7,4,2,0,0,0,6,1,0,1,5,0,0,2,-1,33,61,1,8
13/07/2020,RT-PCR,1,0,11,7,1,0,10,1,7,2,3,0,4,0,1,0,16,24,1,0,22,17,12,8,8,0,6,0,4,2,34,31,16,7,1,0,0,0,17,7,47,37,3,0,2,0,1,0,1,0,13,5,2,1,3,3,25,8,1,0,47,40,10,20,1,0,32,5,6,2,18,11,0,0,2,1,389,239,17,13
,TrueNat,1,0,47,0,5,0,2,4,36,1,0,1,3,2,0,0,3,2,4,0,9,1,3,1,9,0,16,2,25,0,8,1,9,5,0,0,3,0,56,2,18,4,4,1,9,0,1,0,12,0,12,1,0,1,15,0,0,1,1,0,5,6,0,1,0,0,86,9,12,0,19,1,0,0,-4,,429,47,41,12
,CBNAAT,1,0,0,0,0,0,1,1,1,1,0,0,0,0,0,0,3,6,0,0,2,5,1,0,0,0,2,0,1,0,2,7,2,9,0,0,0,0,0,0,5,11,0,0,0,1,0,0,0,0,0,1,1,0,2,4,0,0,0,0,1,7,6,2,0,0,0,6,1,0,1,5,0,0,2,-1,35,65,2,4
20/07/2020,RT-PCR,1,0,11,7,1,0,10,1,7,2,3,0,4,0,1,0,16,24,1,0,23,17,13,9,8,0,6,0,5,2,35,35,16,8,1,0,0,0,17,7,47,39,3,1,2,0,1,0,1,0,13,5,2,1,3,3,26,10,1,0,49,40,10,21,1,0,32,6,6,2,21,12,0,0,1,1,398,253,9,14
,TrueNat,1,0,49,0,9,0,2,4,36,1,0,1,3,2,0,0,3,3,5,0,9,1,2,1,14,0,16,2,25,0,7,1,9,9,0,0,3,0,56,2,20,5,4,0,9,0,1,0,12,0,27,1,0,1,15,0,0,1,1,0,8,7,0,1,0,0,86,14,12,0,17,2,0,0,-4,,457,59,28,12
,CBNAAT,1,0,0,0,0,0,1,1,1,1,0,0,0,0,0,0,3,6,0,0,2,5,1,0,0,0,2,0,1,0,2,8,2,9,0,0,0,0,0,1,6,13,0,0,0,1,0,0,0,0,0,1,1,0,2,4,0,0,0,0,1,8,6,2,0,0,1,7,1,0,1,4,0,0,2,-1,37,70,2,5
27/07/2020,RT-PCR,1,0,13,8,1,0,11,1,7,2,3,0,4,0,1,0,16,26,1,0,23,17,12,9,8,0,6,0,5,2,37,37,17,8,2,0,0,0,17,7,48,40,3,1,2,0,1,0,2,0,13,5,3,1,3,4,26,9,1,0,49,42,10,21,1,0,32,7,6,2,22,12,0,0,,,407,261,9,8
,TrueNat,2,0,48,0,9,0,2,5,36,1,0,1,8,2,0,0,3,2,4,0,9,1,3,1,14,0,16,2,25,0,7,2,8,10,0,0,3,0,56,3,21,6,4,0,9,0,1,0,12,0,27,1,0,1,16,0,0,2,1,0,8,10,0,1,0,0,86,17,12,0,17,2,0,0,,,467,70,10,11
,CBNAAT,1,0,0,0,0,0,1,1,1,1,0,0,0,0,0,0,3,6,0,0,2,6,1,0,0,0,2,0,1,0,0,8,2,10,0,0,0,0,0,1,5,12,0,0,0,1,0,0,0,0,0,1,1,0,2,3,0,0,0,0,1,9,6,2,0,0,1,8,1,0,0,5,0,0,,,31,74,-6,4
03/08/2020,RT-PCR,1,0,13,8,1,0,11,1,8,2,3,0,7,0,1,0,16,28,1,0,23,18,12,9,8,0,6,0,5,2,38,38,18,8,3,0,0,0,18,7,50,41,3,1,2,0,1,0,2,0,13,5,3,1,4,4,26,10,1,0,50,42,10,22,1,0,32,9,6,2,23,13,0,0,,,420,271,13,10
,TrueNat,1,0,49,1,9,0,2,7,36,1,0,1,6,2,0,0,3,5,4,0,9,1,4,2,14,0,16,2,25,0,6,7,7,13,0,0,3,0,57,3,21,6,4,2,9,0,1,0,12,0,27,1,0,1,16,0,0,2,1,0,9,14,0,1,0,0,86,19,12,0,16,2,0,0,,,465,93,-2,23
,CBNAAT,2,0,0,0,0,0,1,1,0,1,0,0,0,0,0,0,3,6,0,0,2,6,2,0,0,0,2,0,1,0,0,8,2,10,0,0,0,0,0,1,5,13,0,0,0,1,0,0,0,0,0,1,1,0,2,3,0,0,0,0,1,9,6,2,0,0,1,8,1,0,0,5,0,0,,,32,75,1,1
10/08/2020,RT-PCR,1,0,13,8,1,0,11,1,8,2,3,0,7,0,1,0,17,28,1,0,23,18,12,10,8,0,6,0,5,2,39,40,19,9,3,0,0,0,18,9,53,44,3,1,2,0,1,0,2,0,13,5,3,1,7,4,26,10,1,0,51,47,10,25,1,0,33,10,6,2,23,13,0,0,,,431,289,11,18
,TrueNat,1,0,54,1,11,0,2,8,36,1,0,1,6,2,0,0,3,5,4,0,9,1,4,2,14,0,16,2,25,0,6,7,6,15,0,0,3,0,57,3,19,6,4,2,9,0,1,0,12,0,28,1,0,1,24,0,0,3,1,0,9,14,0,1,0,0,86,23,12,0,19,4,0,0,,,481,103,16,10
,CBNAAT,2,0,0,0,0,0,1,1,0,1,0,0,0,0,0,0,3,6,0,0,2,6,2,0,0,0,2,0,1,0,0,9,2,12,0,0,0,0,0,1,5,15,0,0,0,1,0,0,0,0,0,1,1,0,2,3,0,0,0,0,1,9,6,2,0,0,1,7,1,0,0,5,0,0,,,32,79,0,4
17/08/2020,RT-PCR,1,0,13,8,1,0,11,1,9,2,3,0,7,0,1,0,17,29,1,0,23,18,12,11,8,0,6,0,6,4,41,41,22,9,3,0,0,0,19,9,53,45,3,1,2,0,1,0,2,0,13,5,3,2,7,4,26,10,1,0,51,51,11,28,1,0,43,11,6,2,23,14,0,0,,,450,305,19,16
,TrueNat,1,0,58,1,12,0,2,8,35,1,0,1,11,2,0,0,3,6,4,1,9,2,4,2,14,0,15,3,25,0,6,7,5,18,0,0,2,0,57,3,19,6,4,2,9,0,1,0,12,0,28,1,0,2,24,1,0,3,1,0,10,14,0,1,3,0,76,28,13,0,24,4,0,0,,,487,117,6,14
,CBNAAT,2,0,0,0,0,0,1,1,0,2,0,0,0,0,0,0,3,6,0,0,2,6,2,0,0,0,2,0,1,0,0,9,2,12,0,0,0,0,0,1,5,16,0,0,0,1,0,0,0,0,0,1,2,0,2,4,0,0,0,0,1,9,6,2,0,0,2,7,1,0,0,6,0,0,,,34,83,2,4
24/08/2020,RT-PCR,1,0,13,10,1,0,11,1,9,4,3,0,7,0,1,0,17,31,1,0,23,18,14,12,8,0,7,0,6,4,41,43,22,11,3,0,0,0,19,11,57,48,3,1,2,0,1,0,2,0,13,5,3,2,7,4,27,11,1,0,52,52,11,31,1,0,42,13,6,2,23,14,0,0,,,458,328,8,23
,TrueNat,1,0,61,1,12,0,2,9,35,1,0,1,11,3,0,0,3,6,5,1,9,2,3,2,15,0,14,3,25,0,6,9,6,20,0,0,2,0,57,2,18,6,4,2,9,0,1,0,12,0,28,1,0,2,25,1,0,3,1,0,10,16,0,1,3,0,77,30,13,0,26,4,0,0,,,494,126,7,9
,CBNAAT,2,0,0,0,0,0,1,1,0,2,0,0,0,0,0,0,3,6,0,0,2,6,2,0,0,0,2,0,1,1,0,9,2,12,0,0,0,0,0,1,5,16,0,0,0,1,0,0,0,0,0,1,2,0,2,4,0,0,0,0,1,10,6,2,0,0,2,6,1,0,0,6,0,0,,,34,84,0,1
31/08/2020,RT-PCR,1,0,13,12,1,0,11,1,9,4,3,0,7,0,1,0,17,31,1,0,23,20,14,12,8,0,8,0,7,4,43,47,23,13,3,0,0,0,19,11,57,52,3,1,2,0,1,0,2,0,13,5,3,2,7,4,27,12,1,0,52,58,11,33,1,0,43,15,6,2,23,14,0,0,,,464,353,6,25
,TrueNat,1,0,62,1,12,0,2,11,38,1,0,1,12,3,0,0,3,7,5,1,9,2,3,2,18,0,14,3,25,0,8,10,6,21,0,0,2,0,57,6,18,5,4,2,10,0,1,0,12,0,28,2,0,2,25,5,0,3,1,0,10,20,0,1,3,0,76,35,13,0,30,6,0,0,,,508,150,14,24
,CBNAAT,2,0,0,0,0,0,1,1,0,2,0,0,0,0,0,0,3,6,0,0,2,6,2,0,0,0,2,0,1,1,0,9,2,12,0,0,0,0,0,1,5,16,0,0,0,1,0,0,0,0,0,1,2,0,2,4,0,0,0,0,1,11,6,3,0,0,2,7,1,0,0,6,0,0,,,34,87,0,3
07/09/2020,RT-PCR,1,0,13,12,1,0,11,1,9,4,3,1,7,0,1,0,17,31,1,0,23,21,14,13,8,0,9,0,7,4,43,56,23,15,3,0,0,0,19,11,57,52,3,1,2,0,1,0,3,0,13,5,3,2,8,5,27,13,1,0,52,62,11,36,1,0,43,16,6,3,23,15,0,0,,,467,379,3,26
,TrueNat,2,0,63,1,12,0,3,11,38,1,0,0,17,3,0,0,3,7,5,1,9,2,3,2,21,0,13,3,25,0,8,10,7,26,0,0,2,0,57,7,19,6,4,2,10,0,10,0,11,0,28,2,0,2,25,4,0,3,1,0,11,26,0,1,3,0,76,37,13,0,35,9,0,0,,,534,166,26,16
,CBNAAT,2,0,0,0,0,0,1,1,0,2,0,0,0,0,0,0,3,6,0,0,2,6,2,0,0,0,2,0,1,1,0,9,2,11,0,0,0,0,0,1,5,16,0,1,0,1,0,0,0,0,0,1,2,0,2,4,0,0,0,0,1,11,6,3,0,0,2,8,1,0,0,6,0,0,,,34,88,0,1
14/09/2020,RT-PCR,1,0,13,14,1,0,12,1,10,4,3,1,7,2,1,0,17,32,1,0,23,21,14,13,8,0,9,0,7,5,43,61,23,16,3,0,0,0,19,11,58,55,3,1,2,0,1,0,3,0,13,6,3,2,8,6,27,13,1,0,53,65,11,39,2,0,43,16,6,3,23,16,0,0,,,472,403,5,24
,TrueNat,2,0,63,1,13,0,3,13,38,1,0,0,23,3,0,0,3,7,5,1,9,2,3,3,22,0,13,3,25,0,8,10,7,29,0,0,2,0,57,7,19,7,4,2,10,0,10,0,11,0,29,2,0,2,25,4,0,4,1,0,11,28,0,1,2,0,76,41,13,0,40,11,0,0,,,547,182,13,16
,CBNAAT,2,0,0,0,0,0,0,1,0,2,0,0,0,0,0,0,3,6,0,0,2,6,2,0,0,0,2,0,1,1,0,9,2,12,0,0,0,0,0,1,6,16,0,1,0,1,0,0,0,0,0,0,2,0,2,4,0,0,0,0,1,11,6,3,0,0,2,8,1,0,0,6,0,0,,,34,88,0,0
21/09/2020,RT-PCR,1,0,13,17,1,0,12,1,10,4,3,1,7,2,1,0,17,33,1,0,23,21,15,13,8,0,10,0,7,6,43,66,23,18,3,0,0,0,19,12,58,58,3,1,2,0,1,0,3,0,13,6,3,2,8,6,27,13,1,0,54,70,11,41,2,0,43,19,6,3,24,17,0,0,,,476,430,4,27
,TrueNat,2,0,63,1,13,1,3,17,38,1,0,0,25,3,0,0,3,7,5,1,9,2,3,3,22,0,12,3,25,0,9,10,7,31,0,0,2,0,57,7,20,7,4,2,10,1,10,0,11,0,30,2,0,2,25,5,0,4,1,0,11,28,0,1,2,0,76,44,13,0,41,11,0,0,,,552,194,5,12
,CBNAAT,2,0,0,0,0,0,0,1,0,3,0,0,0,0,0,0,3,6,0,0,2,6,2,0,0,0,2,0,1,1,0,8,2,13,0,0,0,0,0,1,6,17,0,1,0,1,0,0,0,0,0,0,2,0,2,4,0,0,0,0,1,12,6,3,0,0,2,8,1,0,0,6,0,0,,,34,91,0,3
28/09/2020,RT-PCR,1,0,13,17,1,0,12,1,10,5,3,1,7,2,1,0,18,34,1,0,23,22,15,14,8,0,10,0,7,6,43,70,23,18,3,0,0,0,19,12,59,61,3,1,2,0,1,0,3,0,13,6,3,3,8,6,27,13,1,0,54,79,11,44,2,0,44,19,6,3,24,17,0,0,,,479,454,3,24
,TrueNat,2,0,63,1,13,1,3,17,38,1,0,0,26,4,0,0,4,7,5,1,9,3,3,6,22,0,12,3,25,0,9,10,7,32,0,0,2,0,57,7,21,7,4,3,10,1,10,0,11,0,30,2,1,2,25,5,0,4,1,0,11,29,0,1,2,0,76,45,29,0,43,11,0,0,,,574,203,22,9
,CBNAAT,2,0,0,1,0,0,0,1,0,3,0,0,0,0,0,0,3,6,0,0,2,6,2,0,0,0,2,0,1,1,0,8,2,13,0,0,0,0,0,1,6,17,0,1,0,1,0,0,0,0,0,0,2,0,2,4,0,0,0,0,1,12,6,3,0,0,2,8,1,0,0,6,0,0,,,34,92,0,1
05/10/2020,RT-PCR,1,0,14,21,1,0,12,1,10,5,3,1,7,3,1,0,19,36,1,0,23,23,16,14,8,0,10,0,7,6,43,76,23,19,3,0,0,0,19,12,59,62,3,1,2,0,1,0,3,0,13,6,3,5,9,6,27,14,1,0,54,81,12,47,2,0,44,20,6,4,24,17,0,0,,-2,484,478,5,24
,TrueNat,2,0,63,1,13,1,3,18,38,1,0,0,27,4,0,0,4,7,5,1,15,3,3,6,22,0,12,3,25,0,10,9,8,32,0,0,2,0,58,7,21,7,4,3,10,2,10,0,11,0,30,2,1,1,25,6,0,5,1,0,11,30,0,1,2,0,76,46,29,0,43,11,0,0,,1,584,208,10,5
,CBNAAT,2,0,0,1,0,0,0,1,0,3,0,0,0,0,0,0,3,6,0,0,2,6,2,0,0,0,2,0,1,1,0,8,2,12,0,0,0,0,0,1,6,17,0,1,0,1,0,0,0,0,0,0,2,0,2,4,0,1,0,0,1,12,7,3,0,0,2,9,1,0,0,6,0,0,,1,35,94,1,2
12/10/2020,RT-PCR,1,0,14,24,1,0,12,2,10,6,3,1,7,3,1,0,19,38,1,0,23,23,16,19,8,0,11,0,7,6,43,80,23,23,3,0,0,0,19,12,61,69,3,1,1,0,1,0,3,0,13,7,3,6,9,6,27,14,1,0,54,83,12,48,2,0,44,23,6,4,24,18,0,0,1,-2,487,514,3,36
,TrueNat,2,0,63,1,13,1,3,18,38,1,0,0,28,4,0,0,4,7,5,1,15,3,3,7,22,1,11,3,25,0,12,9,8,31,0,0,2,0,58,7,19,7,4,3,10,2,10,0,11,0,30,2,1,1,25,6,0,5,1,0,11,30,0,1,2,0,76,47,31,0,43,13,0,0,,1,586,212,2,4
,CBNAAT,2,0,0,1,0,0,0,1,0,3,0,0,0,0,0,0,3,6,0,0,2,6,2,0,0,0,2,0,1,1,0,8,2,12,0,0,0,0,0,1,6,16,0,1,0,1,0,0,0,0,0,0,2,0,2,4,0,1,0,0,1,12,7,3,0,0,2,9,1,0,0,6,0,0,,1,35,93,0,-1
19/10/2020,RT-PCR,1,0,15,25,1,0,12,3,10,9,3,1,7,3,1,0,19,38,1,0,23,23,16,19,8,0,11,0,7,6,43,81,23,29,3,0,0,0,19,12,61,73,3,1,3,0,1,0,3,0,13,7,3,6,9,6,27,14,1,0,54,85,12,49,2,0,44,28,6,4,24,18,0,0,,-1,489,539,2,25
,TrueNat,2,0,63,1,15,1,3,20,38,1,0,0,29,4,0,0,4,7,5,1,15,3,3,7,22,1,11,3,25,0,13,10,9,33,0,0,2,0,58,7,19,7,4,4,11,2,10,0,11,0,30,2,1,1,25,6,0,5,1,0,11,31,0,1,2,0,77,45,31,0,43,13,0,0,,,593,216,7,4
,CBNAAT,2,0,0,1,0,0,0,1,0,3,0,0,0,0,0,0,3,6,0,0,2,7,2,0,0,0,2,0,1,1,0,8,2,12,0,0,0,0,0,1,7,16,0,1,0,1,0,0,0,0,0,0,2,0,2,4,0,1,0,0,1,12,7,3,0,0,2,9,1,0,0,7,0,0,,1,36,95,1,2
26/10/2020,RT-PCR,1,0,15,27,1,0,12,3,10,9,3,1,7,3,1,0,19,40,1,0,23,25,16,19,8,0,11,0,7,6,43,81,24,30,4,0,0,0,19,13,62,76,3,1,3,0,1,0,3,0,13,8,3,6,9,6,28,14,1,0,54,90,12,51,2,0,44,29,8,4,24,18,0,0,4,-1,499,559,10,20
,TrueNat,2,0,63,1,15,2,3,21,38,1,0,0,29,5,0,0,4,8,5,1,14,5,3,7,22,1,11,3,25,0,13,10,10,34,0,0,2,0,58,7,19,6,4,4,11,2,10,0,11,0,30,2,1,1,25,6,0,5,1,0,11,34,0,1,2,0,77,48,33,1,43,13,0,0,,,595,229,2,13
,CBNAAT,2,0,0,1,0,0,0,1,0,3,0,0,0,0,0,0,3,5,0,0,2,7,2,0,0,0,2,0,1,1,0,8,2,13,0,0,0,0,0,1,7,16,0,1,0,1,0,0,0,0,0,0,2,0,2,5,0,1,0,0,1,11,7,3,0,0,2,9,1,0,0,7,0,0,,1,36,95,0,0
02/11/2020,RT-PCR,1,0,15,30,1,0,12,3,10,9,3,1,7,3,1,0,20,41,1,0,23,26,17,19,8,0,11,0,7,6,44,83,24,34,4,0,0,0,19,13,63,77,3,1,3,0,1,0,3,0,13,8,3,6,9,7,31,14,1,0,54,92,13,55,2,0,44,31,8,4,24,18,0,0,,-1,503,580,4,21
,TrueNat,2,0,63,1,16,2,3,22,38,1,0,0,29,5,0,0,3,8,5,1,14,5,3,7,22,1,11,3,25,0,13,10,10,34,0,0,2,0,58,7,19,7,4,4,12,2,10,0,11,0,30,2,1,1,25,6,0,5,1,0,11,34,0,1,2,0,77,48,33,1,43,14,0,0,,1,596,233,1,4
,CBNAAT,2,0,0,1,0,0,0,1,0,3,0,0,0,0,0,0,3,5,0,0,2,7,2,0,0,0,2,0,1,1,0,8,2,12,0,0,0,0,0,1,7,16,0,1,0,1,0,0,0,0,0,0,2,0,2,5,0,1,0,0,1,11,6,3,0,0,2,8,1,0,0,8,0,0,,1,35,94,-1,-1
09/11/2020,RT-PCR,1,0,15,32,1,0,12,3,10,10,3,1,7,3,1,0,21,41,1,0,23,26,17,19,8,1,11,0,7,7,44,88,24,34,4,0,0,0,19,13,65,82,3,1,3,0,1,0,3,0,13,9,3,7,9,7,31,15,1,0,54,94,14,60,2,0,44,32,8,4,24,18,0,0,-1,-1,506,606,3,26
,TrueNat,2,0,62,1,16,2,3,23,38,1,4,0,29,6,0,0,3,8,5,1,14,5,3,8,22,1,11,3,25,0,14,10,10,36,0,0,2,0,58,8,19,7,4,4,12,2,10,0,11,0,30,2,1,0,25,6,0,5,1,0,11,36,0,1,2,0,77,48,33,1,43,14,0,0,1,,601,239,5,6
,CBNAAT,2,0,0,1,0,0,0,1,0,3,0,0,0,0,0,0,3,5,0,0,2,7,2,0,0,0,2,0,1,1,0,7,2,12,0,0,0,0,0,1,7,16,0,1,0,1,0,0,0,0,0,0,2,0,2,5,0,1,0,0,1,11,6,3,0,0,2,8,1,0,0,8,0,0,,1,35,93,0,-1
16/11/2020,RT-PCR,1,0,16,33,1,0,12,4,10,11,3,1,7,3,1,0,21,41,1,0,23,27,17,19,8,1,11,0,7,7,44,88,24,35,4,0,0,0,19,13,65,83,3,1,3,0,1,0,3,0,13,9,3,7,9,7,36,15,1,0,54,98,14,60,2,0,44,33,8,4,24,20,0,0,-1,-1,512,619,6,13
,TrueNat,2,0,62,1,20,2,3,23,38,1,4,0,29,6,0,0,3,14,5,1,14,5,3,8,22,1,11,3,25,0,14,10,10,39,0,0,2,0,58,9,19,7,4,5,12,2,10,0,11,0,30,2,1,0,25,6,0,5,1,0,11,37,0,1,2,0,78,47,33,1,43,13,0,0,1,-5,606,244,5,5
,CBNAAT,2,0,0,1,0,0,0,1,0,2,0,0,0,0,0,0,3,5,0,0,2,7,2,0,0,0,2,0,1,1,0,7,3,11,0,0,0,0,0,1,7,16,0,1,0,1,0,0,0,0,0,0,2,0,2,5,0,1,0,0,1,11,6,3,0,0,2,8,1,0,0,8,0,0,1,1,37,91,2,-2
,RT-PCR,0,0,0,0,0,0,0,0,0,0,0,0,0,0,0,0,0,0,0,0,0,0,0,0,0,0,0,0,0,0,0,0,0,0,0,0,0,0,0,0,0,0,0,0,0,0,0,0,0,0,0,0,0,0,0,0,0,0,0,0,0,0,0,0,0,0,0,0,0,0,0,0,0,0,0,0,0,0,-512,-619
,TrueNat,0,0,0,0,0,0,0,0,0,0,0,0,0,0,0,0,0,0,0,0,0,0,0,0,0,0,0,0,0,0,0,0,0,0,0,0,0,0,0,0,0,0,0,0,0,0,0,0,0,0,0,0,0,0,0,0,0,0,0,0,0,0,0,0,0,0,0,0,0,0,0,0,0,0,0,0,0,0,-606,-244
,CBNAAT,0,0,0,0,0,0,0,0,0,0,0,0,0,0,0,0,0,0,0,0,0,0,0,0,0,0,0,0,0,0,0,0,0,0,0,0,0,0,0,0,0,0,0,0,0,0,0,0,0,0,0,0,0,0,0,0,0,0,0,0,0,0,0,0,0,0,0,0,0,0,0,0,0,0,0,0,0,0,-37,-91