State,16/01/2021,18/01/2021,19/01/2021,20/01/2021,21/01/2021,22/01/2021,23/01/2021,24/01/2021,25/01/2021,26/01/2021,27/01/2021,28/01/2021,29/01/2021,30/01/2021,31/01/2021,01/02/2021,02/02/2021,03/02/2021,04/02/2021,05/02/2021,06/02/2021,07/02/2021,08/02/2021,09/02/2021,10/02/2021,11/02/2021,12/02/2021,13/02/2021,14/02/2021,15/02/2021,16/02/2021,17/02/2021,18/02/2021,19/02/2021,20/02/2021,21/02/2021,22/02/2021,23/02/2021,24/02/2021,25/02/2021,26/02/2021,27/02/2021,28/02/2021,01/03/2021,02/03/2021,03/03/2021,04/03/2021,05/03/2021,06/03/2021,07/03/2021,08/03/2021,09/03/2021,10/03/2021,11/03/2021,12/03/2021,13/03/2021,14/03/2021,15/03/2021,16/03/2021,17/03/2021,18/03/2021,19/03/2021,20/03/2021,21/03/2021,22/03/2021,23/03/2021,24/03/2021,25/03/2021,26/03/2021,27/03/2021,28/03/2021,29/03/2021,30/03/2021,31/03/2021,01/04/2021,02/04/2021,03/04/2021,04/04/2021,05/04/2021,06/04/2021,07/04/2021,08/04/2021,09/04/2021,10/04/2021,11/04/2021,12/04/2021,13/04/2021,14/04/2021,15/04/2021,16/04/2021,17/04/2021,18/04/2021,19/04/2021,20/04/2021,21/04/2021,22/04/2021,23/04/2021,24/04/2021,25/04/2021,26/04/2021,27/04/2021,28/04/2021,29/04/2021,30/04/2021,01/05/2021,02/05/2021,03/05/2021,04/05/2021,05/05/2021,06/05/2021,07/05/2021,08/05/2021,09/05/2021,10/05/2021,11/05/2021,12/05/2021,13/05/2021,14/05/2021,15/05/2021,16/05/2021,17/05/2021,18/05/2021,19/05/2021,20/05/2021,21/05/2021,22/05/2021,23/05/2021,24/05/2021,25/05/2021,26/05/2021,27/05/2021,28/05/2021,29/05/2021,30/05/2021,31/05/2021,01/06/2021,02/06/2021,03/06/2021,04/06/2021,05/06/2021,06/06/2021,07/06/2021,08/06/2021,09/06/2021,10/06/2021,11/06/2021,12/06/2021,13/06/2021,14/06/2021,15/06/2021,16/06/2021
Andaman and Nicobar Islands,225,442,644,644,1032,1466,1998,2019,2369,2369,2385,2656,2727,2727,2727,2727,2727,2772,2938,3161,3161,3397,3397,3413,3413,3454,3454,3646,3646,4029,4029,4227,4842,5348,6152,6152,7312,7583,7762,8419,8556,8556,8556,9137,9501,9501,9501,11119,11842,12052,12888,13470,13797,14288,14874,15203,15203,15846,16194,16194,17071,17506,18132,18132,18990,19752,20002,20672,20991,21361,21361,21361,22088,22088,22874,22867,23432,24076,25217,26850,28269,30799,33217,35447,37671,42285,48901,55598,60898,67734,74108,78236,83085,86926,89072,91977,94166,96109,97392,99109,100588,101770,102998,104374,105163,105286,106203,106880,107756,108829,109868,110657,110740,111634,112230,112809,113446,113455,113994,114006,114440,114721,115236,117175,117943,118754,119139,119590,120277,121086,121700,122463,123480,123722,124265,125001,125504,126195,126704,127183,127191,127726,128151,128483,129383,130148,131034,131036,131992,132923,133906
Andhra Pradesh,18412,46680,58495,91778,115365,133298,147030,147030,156120,156129,163727,171683,179038,187252,187252,187252,187252,215171,243243,272190,299649,299649,314316,325538,335268,343813,351993,362341,362341,376444,390665,411783,438766,469815,493471,503323,529820,556810,592903,634449,668944,668944,668944,683633,699364,722601,748938,785878,834025,834025,882244,930160,973239,981721,1031926,1077813,1077813,1159816,1235282,1316192,1406055,1503787,1611084,1611084,1741878,1850350,1972034,2113981,2219053,2341955,2350279,2408323,2504479,2605169,2735502,2907602,3007468,3053542,3179087,3266611,3389990,3497015,3571233,3806708,3893003,3913719,3918529,4563073,4597577,4603804,4607975,4613024,4756984,4927736,4968504,5330080,5555014,5670368,5678628,5986822,6177974,6282487,6354053,6579817,6700248,6696306,6729038,6742700,6916457,7070242,7167599,7294471,7308217,7310220,7340481,7373521,7413446,7428976,7502525,7513031,7569446,7629580,7660595,7857020,7888256,7905740,7915178,8023541,8156085,8459763,9040640,9488593,9751848,9766778,9863347,10073383,10225904,10337846,10696049,10788005,10852057,10992317,11037411,11224580,11480538,11676594,11850826,11929606,12304416,12388392,12420070
Arunachal Pradesh,829,2805,2805,3023,4682,5956,6511,6511,7307,7307,7307,8656,9265,9651,9651,9791,9791,9846,10889,11834,12346,12346,13479,13480,13480,14322,15098,16094,16094,18187,18187,18187,21300,23559,23743,23743,26650,27916,27930,30524,32120,32120,32120,34881,37031,37162,40830,43918,45667,45667,48474,50384,50384,53386,55709,57056,57056,60320,62168,62168,65786,68198,69919,69919,73426,75474,75593,78893,81533,83450,83450,83808,85889,85889,93159,100226,104436,106266,107592,112266,114031,120397,126477,131304,135099,144244,151893,158211,161283,166715,170942,172669,180287,186071,190500,197578,204542,209180,210345,216946,222159,227858,234727,241483,245633,246582,252285,256520,261355,266969,272190,276476,277725,283537,287203,289133,291703,293227,294841,295256,300773,306421,311599,318092,321285,323149,323976,327007,328545,329357,330302,331475,332657,332991,333918,336544,343230,351336,362881,372699,376678,384590,389896,395696,400506,405424,410427,414576,420878,426146,439044
Assam,3528,5542,7418,7585,10676,13881,13881,13881,19837,19837,19945,28918,36932,38106,38106,39724,42435,43607,60556,77225,87269,88585,99889,108887,110977,117607,125038,129781,129873,132475,135419,137224,146748,157532,164309,165804,179102,190374,195420,211037,223581,223581,223581,230799,251303,270406,316106,357619,394401,405394,441699,469387,488139,508981,528177,538913,539254,562526,580695,590838,609827,627818,645191,647269,678659,810619,837127,926350,986804,1004038,1004248,1006703,1039302,1048974,1083743,1167124,1206058,1220939,1276382,1320944,1344908,1405680,1454577,1486294,1498729,1531037,1550113,1553903,1555461,1564490,1586438,1597535,1677769,1771560,1825312,1900839,1961751,2006178,2020742,2105788,2193900,2244119,2351160,2484613,2573549,2590276,2673320,2746508,2779689,2827561,2909540,2990895,3014274,3103919,3178021,3213306,3258291,3283170,3339022,3378305,3448259,3507586,3544861,3620118,3665033,3714758,3753286,3830062,3898903,3934911,3981565,4027312,4073698,4093697,4137301,4174248,4199011,4235135,4273647,4314250,4338299,4387924,4449008,4490118,4582985,4671194,4754657,4806482,4888213,4946819,4992743
Bihar,18169,33389,42085,47433,63541,63620,76125,76125,88450,88450,89074,107174,110396,146015,148293,184215,222153,264097,312339,354360,374538,380229,397555,415989,430307,448903,471683,491233,492152,509026,510485,518095,540107,550433,561343,561857,582950,592457,600795,624386,639370,639370,639370,643349,660596,692382,742349,788907,842232,842232,1044369,1120131,1179290,1179290,1314865,1400949,1400949,1491177,1564107,1634065,1725381,1805604,1917945,1917945,2013059,2137083,2245036,2381773,2519873,2634237,2634237,2634237,2711697,2834138,3045053,3121393,3232560,3374210,3581314,3885397,4026169,4167453,4233789,4494404,4748226,4954731,5050288,5227880,5356134,5428037,5579469,5687553,5838127,5965675,6057811,6171493,6271746,6362286,6437482,6558814,6662906,6762510,6870911,6968234,7048944,7111275,7217903,7328118,7430164,7538326,7617232,7687374,7803237,7990481,8155618,8266897,8412634,8549713,8698695,8824306,8936921,9013570,9068070,9363116,9458666,9516740,9679108,9865884,9986557,10063930,10116193,10151005,10203344,10244836,10305969,10363135,10419429,10583676,10768582,10916300,11022005,11124175,11218366,11403526,11592170,11769400,11926619,12018966,12125672,12195216,12710936
Chandigarh,265,265,469,469,753,1157,1502,1502,1928,1928,2355,2764,2977,3447,3447,3803,4019,4399,4782,5234,5645,5645,6027,6458,6903,7374,8017,8803,8803,9356,10008,10860,11804,12647,13748,13748,15287,17003,18562,20462,22602,22602,22602,24323,24265,26991,29841,32619,35350,35350,38806,41600,44467,45417,48034,50592,50714,53601,56017,58079,60150,62242,64172,64324,66213,67704,69333,71036,72714,74230,74323,74323,75953,77581,81080,84815,88663,91346,94887,98293,101739,105815,110149,115008,118155,122941,126849,130380,134563,139146,143254,145600,149987,154584,158565,163872,169438,174721,178655,184251,190041,196055,201905,208489,213274,215893,220155,224778,229618,235770,241338,247629,251462,256680,261415,264937,269028,273544,279111,280216,284729,288506,292306,302008,306310,312164,315357,320422,323363,324813,329737,334444,339416,343279,349323,355123,360600,366525,371992,377655,379718,383084,384621,387064,389334,395266,401095,405014,411867,418753,424977
Chhattisgarh,5592,10872,10872,16255,22171,22259,28732,28732,40025,40025,51647,62115,62529,72704,72704,76705,79676,101564,131173,150487,168881,168881,184733,198567,216784,233126,247745,262107,262987,287224,302990,318380,336131,346550,361225,361950,378902,389026,405883,421991,429625,429625,429625,443837,460063,490690,535205,580137,632750,634650,683738,724260,774763,779548,828187,885989,892668,973242,1035067,1114501,1193874,1264446,1340490,1341500,1407109,1445038,1488934,1548906,1615013,1729837,1763175,1763175,1818746,1942105,2177113,2517456,2694062,3010589,3120741,3299718,3427849,3708378,3936404,4128448,4304100,4462959,4560518,4634774,4680586,4750060,4870577,4957157,5043710,5102952,5146710,5213264,5273022,5324444,5362447,5406347,5438705,5469712,5507583,5571099,5622933,5647085,5679195,5705613,5732278,5766859,5791448,5814814,5827151,5868522,5910035,5941724,5982055,6022232,6057680,6062047,6068630,6074384,6080528,6812740,6844454,6872062,6889272,6909823,6925357,6940576,6954350,6969745,6980677,6988120,6998059,7010511,7018915,7027097,7037125,7046134,7080472,7116057,7143473,7164925,7179201,7189135,7205436,7212530,7252931,7288841,7341970
Dadra and Nagar Haveli and Daman and Diu,123,123,208,219,278,356,628,628,665,665,665,779,940,1083,1083,1273,1336,1487,1636,1888,2212,2212,2295,2540,3356,3728,3985,4114,4114,4394,4647,5811,6341,6795,7131,7131,7292,7351,7425,7994,8442,8442,8442,8255,8953,10005,10967,12095,13226,13226,13998,14652,15556,15556,16688,17166,17166,18128,19032,19883,20488,21579,22324,22324,22992,23710,24338,24847,25797,26288,26288,26288,27231,28066,31607,37754,41350,44368,49122,53776,56843,60292,64160,67908,70523,74111,76065,77860,79439,81476,83143,83679,84945,86395,87079,88091,89186,90101,90450,91408,92300,93189,94148,95496,96404,96619,97424,98230,99132,100282,101792,102834,103259,104328,105254,105904,108831,112375,116319,119437,122205,122645,125579,133590,139994,146239,150892,156814,162789,168678,174459,180645,186595,189764,196029,201947,207609,211747,215740,222970,223452,229181,235188,240124,245041,254689,266564,266881,272131,278873,284752
Delhi,4319,7968,12441,12902,18844,18844,25811,25811,33219,33219,39764,48008,48008,56818,56818,64711,74068,81433,90927,100079,109589,109589,119329,132046,146789,162596,177439,191207,191207,206172,221225,236562,260979,285300,311410,311410,338629,359095,377694,396639,409959,409959,409959,425480,446757,471811,499770,526827,560074,560074,595812,630051,660991,690432,721007,760860,760860,800602,839039,867433,907997,937496,984265,984655,1030717,1069727,1094429,1134632,1156546,1196875,1196875,1197227,1237955,1265652,1336753,1429913,1498767,1583047,1672538,1755989,1799406,1897553,1956793,2062711,2145740,2235927,2304986,2377014,2454965,2504094,2572717,2621295,2682165,2732522,2787132,2855750,2892000,2962253,3003495,3061554,3114865,3147918,3224939,3272128,3328646,3324922,3414208,3504708,3572311,3687783,3768047,3897189,3898971,4039723,4169137,4243858,4367398,4372741,4490792,4581779,4695016,4800724,4869653,4970999,5021432,5085703,5091912,5146838,5191023,5225240,5264235,5288099,5342386,5352143,5409406,5460280,5498429,5552315,5593076,5651307,5667198,5733489,5782004,5830588,5911818,5990768,6074187,6088651,6150939,6204212,6258937
Goa,426,426,426,426,426,946,1561,1561,1796,1796,2311,2882,3391,4117,4117,4509,5422,6326,7193,7939,8257,8257,8352,8929,9961,11391,12949,13683,13683,13683,13501,14046,14218,15020,16183,16183,16811,17084,18300,19793,20794,20794,20794,22943,26408,30501,35482,39766,43051,43058,46801,50409,54615,56843,62173,66143,66143,71794,77336,80576,83096,86384,89508,89508,92961,95834,99012,101947,105072,107720,107720,108602,112654,115750,120405,130175,133818,136166,141025,145788,150177,155376,162064,171132,178390,188088,192556,203223,213142,224984,237156,244577,253784,264363,272843,281429,289687,299238,304009,313027,323227,331731,340743,349718,355730,358279,363309,368247,373028,379322,385701,391445,393444,398600,404196,409697,416818,423744,434399,436820,442804,449802,457448,466488,475326,483867,485547,491291,497126,503061,508884,514979,521465,524344,528934,533473,537740,543701,551897,563619,570276,581461,591934,600694,608379,614164,621327,638579,658255,676575,691694
Gujarat,10787,10787,17581,21832,34865,46150,78466,78466,91927,91927,94524,162616,221675,246054,247891,256097,287852,311251,348183,394416,438573,451002,505960,572412,614530,645439,667073,680326,683903,699352,711437,717244,839199,856657,882070,883118,897666,905054,910683,958094,1001170,1001170,1001170,1070108,1171503,1229465,1421761,1605119,1764981,1765707,1953148,2117257,2162924,2173745,2347875,2485153,2496697,2656703,2812023,2853958,3051001,3271968,3514661,3721583,3950792,4186828,4381814,4638762,4908715,5158430,5250880,5262906,5482050,5700174,6165176,6578274,6923008,7390435,7689507,8017741,8147689,8475305,8774240,9056842,9260284,9498866,9705299,9867541,10028842,10165603,10337448,10451246,10620832,10807438,10938424,11099586,11266494,11436779,11538363,11721269,11901842,12054863,12252678,12458508,12749030,12802651,12950608,13070486,13231478,13420247,13606684,13786185,13925616,14160135,14435678,14575629,14760705,14799737,14832722,14863551,14863857,14864182,14865594,15176798,15278138,15400783,15515181,15702276,15897863,16087126,16285302,16503125,16719359,16900663,17103787,17299526,17471742,17659698,17924919,18186042,18409862,18664245,18922357,19188514,19459282,19744678,20038418,20270296,20567167,20830209,21081289
Haryana,5589,17642,24944,30402,45893,62142,71297,72204,105419,105419,109782,115968,123935,125898,125977,126759,127893,129866,133637,137706,139068,139129,169055,180663,183529,190390,194124,196333,196352,204984,205871,209684,220266,226709,232295,232295,255613,268853,271497,289033,293824,293824,293824,299672,308375,314562,333415,353760,364996,365652,398307,432755,451769,461696,501916,520425,522363,681427,748896,763095,831953,892897,907478,908001,1157363,1200479,1213650,1261799,1302677,1318185,1319400,1319400,1482699,1591599,1701800,1714570,1758592,1804230,1913936,2002989,2036392,2119853,2212582,2283954,2382673,2526694,2658779,2805840,2875265,2957810,3022952,3066316,3163013,3242458,3287861,3345415,3430557,3503456,3539926,3595088,3635311,3676169,3723570,3758515,3779724,3796842,3854442,3924560,3984064,4086674,4189607,4266748,4318037,4436031,4542095,4609079,4700161,4760544,4812859,4856328,4918803,4982890,5035931,5198191,5283161,5351239,5389899,5486213,5556368,5609362,5683416,5749720,5803459,5830336,5887571,5954053,6026239,6101593,6161524,6217740,6239057,6292607,6339241,6426960,6549595,6651813,6735642,6769726,6863540,6937134,7002808
Himachal Pradesh,1517,4817,5049,5094,5790,9609,13544,13544,13544,13544,14054,18848,22918,27734,27734,33434,39570,43926,48360,51555,54573,54573,58031,61271,66101,72191,79166,81957,81957,84294,87132,91805,158939,164024,106973,107197,108690,110279,111699,117764,122428,122428,122428,128093,134004,140098,149904,159871,167981,170453,179244,203367,213581,214288,236593,243459,245092,258290,295678,305825,334837,356081,366502,367998,377766,400742,413195,452090,473658,493737,493737,494695,522818,532053,577581,595692,614864,633532,670976,737077,778402,841809,891278,942832,983910,1051232,1111867,1157929,1192543,1241589,1278089,1289500,1328663,1378686,1400847,1451370,1497954,1537524,1548489,1593316,1644503,1689860,1743167,1793402,1823976,1828953,1870302,1913334,1945930,1989691,2018702,2037743,2043705,2072295,2095924,2110484,2139633,2153635,2177507,2180999,2204149,2225571,2241263,2303829,2322654,2334213,2336426,2358006,2376358,2383578,2405067,2419014,2429729,2431057,2456127,2470982,2482605,2493942,2509515,2523018,2524262,2536244,2549011,2557793,2566114,2576290,2587433,2587593,2614501,2658650,2698895
Jammu and Kashmir,2044,3375,4395,4414,6847,9827,11647,11647,16173,16173,16331,22401,26634,26634,26634,26634,26634,26634,34475,41624,49419,49419,61035,74219,74219,93570,111470,129629,129629,147449,162266,162266,181551,195122,207426,207426,219859,228195,228195,243885,257072,257072,257072,268556,280141,280141,299418,318648,339224,339224,364801,392481,392369,393368,393819,436651,436651,478419,520296,520495,563379,583521,599915,599915,636258,661497,661497,697295,726236,751622,751622,777848,803824,803824,845825,889734,922562,951366,981646,1047649,1095745,1177901,1240780,1286563,1322368,1390936,1420799,1452764,1500693,1544674,1589252,1622150,1688397,1753277,1801471,1856995,1925016,1997841,2043786,2127064,2187530,2256800,2311437,2348263,2378556,2415454,2464052,2497828,2550299,2596453,2652507,2692880,2703781,2732139,2759121,2770540,2775752,2791232,2807115,2815552,2830018,2842988,2850676,2905270,2918707,2954451,2973377,3010142,3046666,3094621,3154798,3204133,3242210,3264802,3300411,3333161,3366141,3398095,3428579,3459399,3473893,3498380,3524090,3547946,3579994,3613037,3646922,3676105,3730965,3779537,3815049
Jharkhand,3096,6059,8824,11641,11641,14806,14806,14806,18413,18413,24020,24315,33119,40726,40860,48057,55671,67970,75205,85580,95934,106577,124505,143401,160492,174080,188095,200881,208391,221747,229413,240212,247447,256735,263959,266015,274733,282134,289872,299779,308208,308208,308208,316296,327579,344920,361482,382065,400122,406256,429593,454795,473087,489014,520034,546459,564641,597920,642316,680682,712901,732932,873188,1025942,1065437,1226703,1343628,1384075,1447288,1556332,1563421,1563852,1574368,1596433,1622995,1746722,1772016,1868402,1951497,2006269,2080318,2135148,2162629,2261611,2360166,2429885,2506678,2596645,2641246,2682040,2734217,2775433,2807893,2849025,2877574,2902019,2935512,2965175,2977859,3005467,3029162,3053169,3083133,3114124,3139573,3146822,3164312,3182602,3205030,3224368,3245635,3269710,3285308,3313930,3345583,3372051,3394495,3443220,3501805,3544955,3599695,3650981,3701127,3790724,3839139,3876194,3922027,3972620,4012269,4036657,4052889,4084458,4124252,4155009,4193433,4226248,4263838,4305504,4377071,4467416,4545540,4607189,4666515,4729484,4798134,4891713,4991249,5097806,5195483,5267421,5340545
Karnataka,13594,66392,80686,121466,138807,184699,188971,191449,231172,231607,267811,286089,307891,315370,315370,316228,316368,316638,330112,360592,386186,388769,415403,441692,464485,477005,491552,496159,496234,512476,534058,565093,582691,629420,654298,655375,693964,727360,765669,789208,818722,818722,818722,823660,836350,857102,879036,909602,939498,939926,1013195,1071038,1163844,1183958,1300162,1357062,1373224,1559531,1676300,1927246,2026227,2284199,2481149,2502109,2730456,2846344,3029544,3123952,3285829,3400617,3416179,3552038,3669473,3811007,3946936,4298094,4488656,4608184,4823777,4997921,5230642,5463774,5789180,6067099,6209024,6407325,6446477,6550424,6705031,6910399,7192628,7296771,7543325,7768994,7958245,8191052,8446922,8592858,8673594,8892708,9088473,9277544,9400389,9643472,9782183,9817397,9892349,9948331,10111482,10252400,10366532,10487851,10526921,10630738,10791698,10905119,10994304,11065841,11169445,11191709,11280271,11361234,11443180,11799162,11902271,12014015,12088649,12243473,12389189,12589837,12821613,13089717,13342546,13433278,13677578,13898558,14141929,14402943,14725429,15051909,15183904,15478337,15726831,15978605,16228253,16550353,16852198,16955711,17243110,17450996,17652765
Kerala,8062,15477,23855,24269,35173,47293,53529,53529,71973,71973,82970,106583,135835,158687,165171,193925,224846,246043,270992,286132,291852,292342,307998,322016,326246,333560,345197,356322,358575,370937,388256,395187,410849,425053,437893,438113,461929,476808,493269,530474,587311,587311,587311,625123,662713,701514,810847,902858,1003309,1020994,1129691,1233572,1289216,1346252,1469270,1541348,1548683,1689366,1836215,1891431,2042372,2179337,2297176,2303253,2432273,2558544,2618851,2772545,2904945,3019646,3031610,3181620,3339861,3401918,3490134,3720447,3850005,3884224,4030982,4059464,4149413,4356951,4575600,4763853,4830669,5098184,5267532,5287484,5497016,5681972,5832553,5870232,6026805,6243833,6353754,6504117,6628413,6827750,6847062,6991400,7107072,7144122,7229229,7377186,7428920,7426164,7508437,7572175,7594821,7695877,7854050,7933903,7934469,8042237,8112866,8155236,8181551,8226138,8382368,8415457,8482948,8535933,8553198,8597282,8612681,8641908,8647923,8701163,8756649,8787307,8900924,9046159,9205023,9230736,9402736,9571704,9676157,9840358,10015875,10203409,10256774,10458971,10676563,10819330,10969126,11087636,11164895,11212878,11406207,11616342,11725448
Ladakh,79,119,119,240,240,401,558,558,670,670,818,818,989,1128,1128,1234,1234,1511,1511,1745,1987,1987,2234,2309,2536,2761,2854,2981,2981,2981,3649,4146,4726,5363,6231,6427,7220,7979,8947,9501,10055,10055,10055,10055,10055,10478,12884,14499,16734,16734,19308,22232,25438,28431,31047,33650,34140,36717,38532,39946,41143,42204,43249,43283,44270,44882,45161,45347,45559,45692,45692,45692,45812,46010,50322,56108,59917,62607,65874,68062,70021,71259,71960,72431,73397,74608,75319,75905,76472,76968,77819,77857,80595,84637,88453,91310,94316,96539,96956,100904,103717,105915,107405,108513,109478,109694,111013,112784,115057,117110,118081,119276,119409,120549,121217,121926,122440,122440,123520,123520,124376,125366,126593,128352,130462,132061,132133,134062,136287,138443,144383,150089,154112,154132,159537,164195,167974,171421,174988,177660,177664,180253,181695,183442,185982,189130,191051,191052,192420,193318,194480
Lakshadweep,21,201,369,369,369,552,633,633,676,676,746,746,746,807,807,807,807,807,807,831,839,839,868,920,920,920,1776,1776,1776,1776,1924,1924,1924,1924,1924,1924,2924,2964,2983,3041,3078,3078,3078,3212,3216,3216,3216,3300,3470,3470,3638,3968,3968,3968,3968,5093,5093,5508,5508,5791,6029,6109,6197,6197,6293,6396,6463,6490,6576,6800,6800,6800,6959,6959,7220,7521,7789,8089,8196,9052,9719,10737,11686,12703,13284,13796,14571,15308,16144,16586,17251,18224,18482,19011,19786,20206,20547,21081,21299,21755,21965,22157,22650,23140,23455,23686,23959,24303,24676,24946,25267,25455,25765,26191,26700,26967,27039,27040,27056,27082,27215,27478,27709,29058,29498,29977,31133,31277,31318,31380,31425,31666,32181,32848,33673,34605,35316,36333,37327,38271,39045,40273,41553,42751,43542,44750,46160,46759,47956,48873,49861
Madhya Pradesh,9219,18174,18174,27770,38278,38278,38278,38278,67083,67083,131679,195187,246181,298376,298376,298376,298376,330722,339386,340625,342016,342016,379251,380285,431702,487271,526095,557105,557105,575728,576610,597537,611640,626391,644583,644583,675401,676960,724350,780465,811316,811316,811316,855097,855097,926206,998891,1009607,1092767,1092767,1176332,1182631,1287974,1287974,1294814,1465605,1465605,1655867,1663861,1866138,1866138,1870756,2228256,2228256,2662634,2666064,2932338,3074924,3078673,3188497,3188497,3188497,3191792,3356666,3735986,3903340,4083671,4227270,4463488,4671069,4973398,5234644,5362159,5465121,5839231,6247108,6561386,6890145,7058738,7115737,7305314,7329901,7507451,7542949,7566383,7738469,7774348,7895592,7908665,7991717,8010424,8071748,8076994,8079528,8151801,8154921,8222982,8242734,8357417,8462476,8479263,8595188,8596943,8714234,8732038,8859010,8963028,8964972,9082835,9083720,9174032,9180020,9318551,9533515,9631098,9775817,9950799,10168575,10175220,10177398,10407154,10629771,10880002,10896991,11167304,11185376,11476780,11851060,12213655,12623673,12752363,13142438,13206801,13578548,13760927,13787486,13885323,13929901,14431517,14481624,14821925
Maharashtra,18328,18582,30247,52055,52393,74960,99885,99885,136901,136901,179509,220587,261320,269064,269064,310825,318744,354633,389577,434943,473480,473480,512476,536436,573681,608573,649660,682609,682933,713133,740831,781800,839566,860386,922728,926466,985955,1029363,1087111,1142290,1202180,1202180,1202180,1237004,1285081,1368909,1471450,1597458,1744420,1746065,1940369,2089146,2317696,2398401,2653357,2783323,2832150,3097047,3329387,3603424,3804142,4060333,4265512,4278482,4554836,4743837,5014774,5228897,5494759,5726036,5746602,5782665,5993126,6209337,6519976,7027500,7354244,7686921,8127248,8559317,8949560,9338531,9632724,9923534,10192353,10529376,10753947,11125434,11512728,11886859,12139453,12273973,12650266,12945000,13279970,13675149,13999992,14230213,14342716,14906543,15322367,15578162,15871153,16184823,16322336,16342758,16422152,16520873,16781719,17243457,17617719,17858864,17970191,18264212,18648538,18966476,19312943,19469673,19664063,19733314,19833516,19939812,20041648,20465193,20587557,20710911,20760193,21013742,21212433,21352323,21639836,21913849,22220504,22306998,22575481,22832743,23052074,23292259,23668323,24022331,24115999,24411248,24681249,25015546,25266452,25520573,25817728,25909023,26228293,26479757,26719817
Manipur,585,978,111,1454,1454,1923,2319,2319,2485,2485,2855,2855,3399,3987,3987,4373,4739,5872,6095,6874,8256,8334,9989,11078,13747,15944,19563,22417,22895,25771,29038,33525,36735,40019,41926,41926,43597,45401,48232,51177,54965,54965,54965,56458,60396,64089,66423,69755,73414,73494,76829,79030,81412,83002,85654,86691,86691,89878,91730,94382,96405,98913,102179,102358,105281,108093,110782,113040,116224,118168,118222,118291,119573,120838,122535,115544,118645,119351,120672,123203,125612,128096,130961,132204,134396,137679,139978,142931,145490,148635,152135,153124,157711,162117,167554,171785,174263,180379,182546,192280,200765,214237,228344,250314,263802,266790,281266,291900,304066,313874,322187,329805,330011,340961,349288,357683,363556,369007,375983,376445,385155,390059,398536,403249,409948,413717,413741,420920,424161,435917,438999,444132,451009,451203,457918,462278,469763,472537,483126,492242,492351,504388,511460,522482,527352,534944,537380,537827,543603,548155,554090
Meghalaya,509,530,1037,1365,1785,2078,2236,2236,2748,2748,3249,3870,4200,4324,4324,4564,4694,4806,5469,6213,6859,6859,7662,9069,9760,11642,12797,14089,14089,16223,18226,21691,22281,22901,24506,24506,26958,29390,29448,30210,32191,32191,32191,33122,34581,36212,37921,41924,44883,44950,47688,50348,52915,56087,58342,59914,59914,61502,65312,68510,72484,76656,78554,78554,82565,86594,89214,93407,95924,96415,96426,97582,99837,101476,105602,120146,121519,121804,121588,126236,129891,135237,139127,141326,142445,146626,152855,157493,163271,167553,169475,169578,174713,180632,185239,194776,203371,209522,210172,225514,242595,258998,275100,290726,297967,298409,307070,314393,320713,329374,337742,342209,342285,352959,364710,374530,384839,393412,398590,401708,408399,413392,417136,424005,429744,434362,435621,440666,446312,449703,455053,459863,463646,464196,465697,467892,469556,471868,474615,476730,476738,478256,479281,480203,482593,492318,501647,503153,516801,530708,544764
Mizoram,314,554,1091,1508,2537,3657,3979,3979,4852,4852,6142,6728,8497,9346,9346,9932,9932,9995,10044,10555,10937,10937,10937,11046,11046,11046,11332,11568,11754,12557,12557,13561,15115,16634,16868,16868,18801,20805,23674,25831,27656,27656,27656,29513,33466,37386,40058,40975,42197,42197,44090,47161,51087,52866,54231,54787,54787,56692,59344,60063,61026,61619,62247,62247,62833,63607,63939,64550,65731,65731,65731,65848,66312,66666,68024,71868,71987,72030,73566,78364,82170,86987,92678,95229,95857,105078,113106,123060,135583,148073,154038,154183,164833,174379,180829,194136,206191,211142,211237,223439,235159,243917,250446,256096,258922,258815,263585,267429,270992,275179,277305,277860,277860,281200,283991,285547,287535,288343,289095,289115,291000,293620,296897,301219,303174,303177,303172,304924,306426,307157,308591,311401,313380,313451,315240,316259,316758,318196,322280,323518,323519,327704,331452,335037,339575,342846,344044,344044,357294,373076,393720
Nagaland,561,1436,2286,2988,3187,3443,3443,3443,3675,3675,3973,3973,3973,3993,3993,3998,4093,4244,4405,4515,4535,4535,4973,5826,7167,8371,9125,9684,9818,11942,16234,18252,21059,24022,25435,25435,27809,29804,32336,34116,35303,35303,35303,35830,37110,39576,41140,41895,42669,42669,45469,47679,50281,52980,54026,54575,54715,58282,61200,63148,65915,67353,67934,67934,72971,76680,78847,80469,81417,81676,81676,81694,85287,87247,89515,83771,83991,84131,86221,90103,94224,97863,100533,101480,105854,113941,120854,128132,133049,137639,139051,140106,148681,155195,162418,169219,171605,172277,172647,178196,183203,189765,195429,198814,199986,200268,205169,209616,213112,215703,217847,218088,218536,222357,225776,228084,231203,232382,232734,232994,237058,242456,244547,246656,247220,247322,247495,253363,259660,260696,261471,262221,262475,262558,268912,274949,277116,279779,281636,281846,282432,291582,301471,312156,320251,329294,332806,336052,349534,361657,372959
Odisha,13746,46506,55138,68743,113623,130007,152371,152371,177090,177090,178227,194058,205200,206424,206424,207462,208205,211346,234923,235680,275055,276323,315725,342254,361623,383023,399670,411939,412046,426790,428471,439390,482613,501713,533093,533093,566142,577646,584948,612802,618821,618821,618821,640735,668498,696758,754651,778730,822112,822112,907996,971925,1016936,1020207,1098111,1162949,1162949,1284521,1384942,1471316,1581336,1688682,1784847,1784847,1881914,1960727,2022037,2095217,2167956,2236623,2236623,2236623,2326922,2411021,2614183,2699452,2823310,3119381,3287050,3508480,3617561,3769153,3956246,4091351,4214184,4356095,4444241,4527911,4685831,4795020,4865265,4930367,5072765,5194381,5306252,5399333,5509857,5527072,5530174,5618057,5694155,5743455,5779022,5857731,5872738,5874407,5916461,5944620,5967765,6017415,6094247,6159998,6166695,6292663,6392592,6448624,6497240,6542754,6577633,6579069,6639176,6744998,6819638,6964278,7014521,7099802,7116029,7228138,7325330,7375678,7477645,7602197,7706869,7725803,7856021,7960089,8032250,8108356,8198300,8277459,8290523,8455149,8603535,8744175,8799028,8895992,8965839,8975062,9052810,9172995,9330274
Puducherry,274,554,719,759,759,1097,1478,1478,1813,1813,1813,1813,2299,2736,2736,2988,3077,3222,3222,3532,3532,3532,3881,4301,4770,4780,5510,6024,6024,6513,6957,7354,8115,9126,10104,10104,10337,10450,10459,10479,11144,11144,11144,11766,12589,14845,16562,17501,18847,18847,20618,22078,24007,25558,27331,29319,29319,31864,34565,37769,41660,44421,48565,48565,52198,55132,60041,62839,65578,67980,67980,70124,70258,74165,76570,77771,81457,83053,85421,86099,87581,90099,93096,96737,103546,114551,129271,138153,148389,157494,163766,165647,168672,170810,173769,176558,179519,181719,182302,185167,187823,190734,193884,197790,199906,200026,202468,204352,206992,209894,212857,215447,215935,219254,221604,223561,226096,228342,230803,231405,232512,233427,234416,239864,242180,244581,246032,248835,251379,254136,256963,260161,263441,265588,269177,272489,275845,279178,282004,286309,288831,294131,299870,305420,311510,317196,324318,326786,333854,339438,352743
Punjab,1319,3318,5567,7607,12532,21340,30319,31327,39418,39418,44708,50977,54988,57499,57499,59285,61381,63663,67861,72855,76430,76430,82127,87181,91669,97668,101861,103858,103858,107854,111952,115282,121774,129470,136288,136796,148066,157585,166693,181892,190800,190800,190800,200044,209370,221415,235698,252855,266977,268445,288104,307545,324667,330945,350687,368130,368464,395006,418671,441390,469506,504116,536408,546252,578459,609246,636820,666395,695676,729130,742627,754354,792329,842448,920846,1090090,1170962,1252548,1328236,1416310,1478280,1571245,1672868,1769971,1845259,1938988,2002937,2080678,2166051,2261624,2352518,2418132,2508073,2595020,2658091,2715479,2812254,2925001,2995367,3086085,3131631,3211821,3294001,3394738,3477671,3498523,3532229,3551466,3627732,3705260,3773290,3836530,3873669,3947071,4023731,4072687,4108184,4125085,4142347,4148231,4157025,4164782,4185845,4519318,4592335,4691082,4751745,4812094,4853015,4890425,4918114,4936818,4978620,5009627,5044669,5078254,5111065,5146083,5201174,5257951,5294105,5339134,5399644,5431675,5458124,5513986,5609454,5697767,5747484,5802605,5880567
Rajasthan,9279,23546,30761,32379,32379,43947,67270,93525,161116,161332,237137,257833,324973,329611,330797,333930,339218,363521,384810,414422,459652,460994,487848,491543,559990,590990,606694,609568,610088,627710,637021,760075,762913,799719,821059,821059,844893,878043,931222,950386,1023207,1023207,1023207,1109553,1261773,1490232,1609343,1891118,2131443,2136249,2326975,2387797,2510918,2511418,2698263,2894730,2898900,3105252,3347703,3684843,3738737,4047196,4274213,4288901,4541540,4752984,4994574,5057509,5307621,5484184,5484184,5484184,5582172,5721312,6005903,6151585,6431601,6868626,7299305,7815333,8287840,8807351,9245238,9565308,9716352,9925581,10080932,10224579,10360331,10523372,10698771,10884806,11192119,11451137,11650301,11836328,12010244,12207892,12347953,12543221,12659815,12812973,12936911,13022322,13092779,13173426,13338393,13474448,13597367,13700772,13841990,14019524,14104257,14288032,14524097,14691987,14798914,14852400,14991425,15106597,15269713,15398802,15478846,15708235,15816456,15940593,16033767,16183750,16283420,16364179,16426346,16553027,16757346,16861567,17013350,17118582,17231186,17331633,17479393,17644680,17721558,17843791,18004932,18476955,18822045,19278428,19589132,19702073,19888081,19981201,20032144
Sikkim,120,120,350,573,773,960,960,960,1047,1047,1320,1776,2020,2020,2020,2166,2647,3425,4264,5139,5372,5372,6007,6961,7808,8316,8335,8335,8335,8543,9148,9760,10500,11800,12565,12565,14159,15694,16931,17858,18312,18312,18312,19398,20430,21918,24030,26993,28862,28862,32491,35709,39650,43489,46273,46529,46529,49518,51663,54299,57215,59689,61265,61265,63671,66768,68762,70523,72309,72309,72309,72309,73286,73741,77892,79904,80654,80856,83797,90511,95185,104473,112414,115201,117171,126124,135661,141777,148555,155296,160123,161058,166609,171142,172465,177160,182621,185449,185895,189953,193834,196919,200586,203966,205129,204990,207514,209932,212161,214717,217439,218186,218350,220181,221311,221956,223712,224387,224483,224846,225580,226311,227796,230968,232705,234290,234291,235581,236857,237947,238697,238769,238832,238832,238924,238984,239115,239296,239487,239567,239718,239974,240645,244282,252272,264894,273460,273492,286482,302308,317272
Tamil Nadu,2945,16462,25251,33670,42947,51651,59226,61720,69027,73953,82039,88467,97126,105821,105821,112687,120745,133434,145928,157324,166408,166408,175027,185577,197392,211762,227542,247574,247574,269219,290248,309377,329817,350283,370846,370846,385600,400400,414827,429255,445328,445328,445328,480411,522054,588391,669417,761625,847097,847097,957348,1037824,1124724,1205185,1298251,1384184,1384184,1499745,1606931,1718313,1840069,1964650,2086121,2086121,2238755,2343912,2438253,2537202,2645814,2751628,2751628,2871513,2952311,3031631,3114623,3101478,3151678,3186597,3205778,3239421,3292109,3402198,3533869,3666549,3715293,3881778,4021060,4110452,4323754,4532483,4670781,4711901,4814662,4892488,4965949,5076978,5206836,5328811,5351384,5484633,5626091,5741587,5845888,5947800,6045628,6046284,6123161,6188845,6249242,6336452,6422679,6480287,6499349,6587081,6661775,6738923,6822834,6873590,6928329,6941944,6995480,7040699,7082380,7280700,7321955,7371998,7390862,7473489,7650500,7914277,8208995,8519483,8796133,8891549,9094255,9235652,9339816,9619198,9868998,10006936,10056376,10119582,10167260,10218925,10260805,10325285,10629239,10842928,11131780,11264069,11617077
Telangana,3653,17408,69405,69405,97087,110031,110031,110031,130390,130425,130425,151246,166606,168606,168606,168771,170043,176732,188279,193667,209104,209104,229027,243665,258122,270615,278250,282188,282188,293442,332847,333235,353113,366328,368132,368132,387301,387549,389970,398078,419791,419791,419791,424274,435329,450803,472010,486049,510904,510904,556978,594178,623634,623634,623634,647167,675916,715586,742019,779915,832084,873635,895346,895346,924491,1010596,1050167,1088309,1128632,1170407,1175476,1175476,1262125,1295814,1358395,1394119,1446502,1485476,1554772,1617774,1685242,1783357,1898374,2060865,2161735,2292129,2318292,2452956,2622516,2802424,2952910,2960305,3132747,3272989,3395125,3606921,3812192,4004625,4071623,4287852,4400436,4543288,4613191,4781228,4788950,4787533,4814401,4878695,4956957,5037803,5117048,5187863,5189389,5282970,5361854,5388357,5419430,5447541,5447805,5447805,5448463,5450423,5453386,5522361,5523114,5526061,5526985,5529827,5588684,5652269,5702844,5803355,5913086,5979083,6058833,6142054,6214443,6313719,6417283,6562651,6680307,6849610,7021177,7209848,7386484,7594358,7805400,7954551,8148624,8311800,8487288
Tripura,355,1736,3734,3734,9272,14252,14252,14252,19698,19698,19698,24302,27617,29796,29796,31190,32196,32340,35191,37359,40347,40405,45674,51449,52908,59438,65288,69562,69562,75305,75415,77926,85796,92176,93956,93956,99320,102138,102752,108014,110978,110978,110978,113770,117869,119631,125814,132681,135221,135221,144674,152946,154910,156732,169109,172977,173490,194300,213483,223650,254032,287600,316751,321731,374423,416118,483997,553795,643117,651930,658047,658047,687224,697346,719751,709385,721108,730512,746306,759840,767029,785861,803168,812288,819107,832935,842397,845229,845296,862658,880367,886131,910346,934015,941698,953744,985264,1012251,1020935,1067301,1113957,1140674,1190622,1237738,1261437,1267062,1282367,1301258,1319613,1347904,1375527,1393657,1395621,1416114,1432084,1435306,1442279,1443431,1445632,1446176,1454040,1474542,1483136,1527207,1534452,1550818,1553567,1559837,1565078,1567456,1570207,1574596,1588215,1602018,1610723,1614970,1618367,1624554,1631250,1635458,1636472,1640491,1643993,1646212,1649707,1652056,1659454,1660575,1681314,1704960,1734765
Uttar Pradesh,21291,22644,22644,22644,22644,123761,123761,123761,123761,123761,123761,294959,463793,463793,463793,463793,463793,463793,589101,673542,673542,673542,673542,673542,673542,763421,858602,858602,858602,934962,934962,934962,1070895,1152042,1152042,1152042,1226775,1226775,1226775,1370739,1480983,1480983,1480983,1488421,1488421,1488421,1592712,1701661,1711715,1711715,1918329,1935522,1956508,1959312,2289466,2314913,2320154,2966734,3143272,3246323,3668945,4008560,4126506,4132135,4533871,4653705,4756799,5022608,5240969,5303442,5303530,5303530,5328419,5398684,5697787,6428073,6643096,6761287,7198372,7641485,7847622,8145161,8397204,8493959,8825419,9359564,9719899,10028839,10273996,10538702,10712739,10718375,10909765,11120780,11259746,11441728,11623695,11777209,11783880,11947728,12061303,12169510,12355555,12559034,12720794,12705514,12865305,13024883,13175325,13330583,13470982,13593961,13595851,13760662,13936210,14141536,14393696,14568875,14764942,14766904,14997832,15207651,15389991,15813654,16028675,16241703,16255150,16543234,16816336,17074158,17355300,17667888,17992599,18008604,18332316,18679320,19034656,19431152,19838197,20234598,20254000,20711683,21150258,21565323,21999548,22468959,22935815,22956010,23412988,23829486,24203020
Uttarakhand,2276,4237,6107,6119,8206,10514,10514,10514,14546,14546,14690,19517,25818,28791,31228,37505,43430,54153,62858,70292,73762,74607,79283,85359,90483,97618,104052,108974,110326,116702,121726,126719,130700,135452,138054,138550,143318,147300,151002,154994,161786,161786,161786,165512,174562,185793,206358,225030,242892,243782,266326,289273,304698,307971,337620,355592,357156,387734,418468,437067,468393,500024,517251,519927,549601,576935,595970,624095,649500,665684,665821,665821,683007,698899,739961,826674,870905,916548,985663,1061735,1114026,1182912,1243782,1283673,1308881,1362066,1403195,1432077,1466970,1519067,1565437,1568172,1628191,1678639,1715839,1767551,1810381,1850805,1867987,1918491,1951517,1990231,2033587,2076143,2096753,2101879,2111065,2139623,2182985,2241465,2287995,2326309,2347663,2412802,2474738,2507892,2538983,2572547,2603720,2621366,2650123,2673296,2685584,2743665,2758608,2772366,2783379,2807288,2829073,2837799,2856866,2874730,2890859,2901074,2918548,2932050,2944247,2962144,2987636,3024940,3049382,3083813,3117527,3155806,3206521,3249727,3284586,3319176,3376118,3418028,3443390
West Bengal,9730,29866,42093,46310,53988,84505,84505,84505,122851,122851,158193,187485,221994,243069,243143,266407,288245,301091,320668,344227,354000,354000,377608,404001,427042,453303,485054,515117,516952,555120,556450,573746,607535,650976,683057,689164,743590,801677,886491,993106,1106181,1106181,1106181,1124158,1192882,1279958,1376553,1487060,1580799,1591868,1730022,1889064,2025599,2092262,2291486,2421424,2435983,2688755,2886955,3017035,3149350,3482448,3630910,3649705,3941280,4125209,4250140,4372367,4688172,4865445,4866734,4888625,5091103,5230166,5419269,5772282,5958488,6112805,6541370,6873489,7055520,7312694,7674634,7891650,7982640,8226026,8345753,8443337,8468838,8609305,8740073,8764173,8976743,9211156,9396277,9558932,9780926,9938711,9969252,10230498,10438235,10632087,10782136,10972478,11064671,11066286,11243084,11385336,11475371,11559879,11785949,11891417,11901323,12035340,12146487,12313816,12457568,12501020,12561156,12566596,12628179,12690836,12753948,12932811,13003962,13086547,13143523,13333117,13486207,13554226,13728312,13989487,14267305,14408596,14714531,14964714,15181356,15426928,15720570,16023947,16141463,16443386,16704034,16934231,17130501,17369605,17583760,17640004,17854448,18102766,18225116
Miscellaneous,0,14017,14017,26940,32297,36926,40144,40284,43625,43675,46325,48401,50078,52120,52120,54019,55606,57212,58406,60507,62057,62057,63510,67238,74366,84999,99509,115272,116448,136322,165375,205300,249012,291760,338147,341572,392177,454293,508454,564478,625744,684463,684463,757658,853064,941959,1025520,1106180,1172192,1177622,1228341,1272081,1305958,1336715,1361478,1395616,1396722,1438216,1484329,1527272,1572813,1622433,1668431,1668431,1726359,1797373,1858614,1912902,1966822,2023445,2067025,2069273,2085412,2185050,2267042,2274826,2337810,2340349,2417777,2406849,2478101,2556905,2607287,2641449,2643431,2675872,2705795,2708299,2736823,2767519,2792386,2793580,2815918,2840338,2842796,2867731,2889990,2903866,2905509,2921474,2937817,2952594,2965505,2977792,2989342,2990130,3001735,3015080,3029185,3041142,3052658,3060935,3061184,3070084,3080695,3089464,3096814,3096814,3096814,3103869,3111311,3119614,3126365,3132593,3139705,3145020,3145196,3151115,3159373,3160404,3167385,3173856,3173856,3173856,3183335,3183335,3190988,3196048,3199470,3202595,3202998,3205863,3205863,3209246,3212577,3216175,3219523,3220630,3224404,3228151,3228151
Total,191181,454049,630417,806484,1043534,1390592,1582201,1615504,2023809,2029480,2355979,2928053,3500027,3744334,3758843,3950156,4138918,4449552,4959445,5416849,5775322,5812362,6259008,6611561,7017114,7505010,7967647,8263858,8285295,8720822,8999230,9422228,10188007,10715204,11085173,11116854,11745552,12165598,12671163,13472643,14242547,14301266,14301266,14854136,15620749,16616048,18005503,19497704,20922344,20989010,23008733,24367906,25685011,26164920,28218457,29738409,29908038,32947432,35064536,37143255,39339817,42063392,44603841,45065998,48494594,50841286,53145709,55504440,58109773,60269782,60530435,61113354,63054353,65117896,68789138,73054295,75979651,79105163,83110926,87077474,90198673,94334262,98075160,101595147,104528565,108533085,111179578,114493238,117223509,119937641,122622590,123852566,127129113,130119310,132330644,135478420,138379832,140916417,141911223,145271186,147827367,150020648,152245179,154989635,156816031,157198207,158932921,160494188,162513339,164973058,167346544,169439663,170176603,172710066,175235991,177214256,179298584,180457579,182220164,182926460,184453149,185809302,187009792,191879503,193372819,195004184,196051962,198538999,200662456,202695874,205720660,208902445,212066614,213154129,216046638,218546667,221043693,224109448,227860317,231322417,232786482,236198726,239058360,242726693,246085649,249600304,253195048,254849301,259044072,261972014,265519251